location,month,file_name,file_type,file_url,source_page,http_status,file_size,download_status,sha256,notes
"Colombo_Gampaha_Kalutara","January","01-COLOMBO-DISTRICT-GAMPAHA-DISTRICT-KALUTARA-DISTRICT-1-Jan-scaled.jpg","jpg","https://www.acju.lk/wp-content/uploads/2025/07/01-COLOMBO-DISTRICT-GAMPAHA-DISTRICT-KALUTARA-DISTRICT-1-Jan-scaled.jpg","https://www.acju.lk/prayer-times/",200,686580,"success","c7932e8cb89b9206b4bcab002ea6ce81b167a2e68cf8f6c8256ac4aee8cf4bfa",""
"Colombo_Gampaha_Kalutara","January","01-COLOMBO-DISTRICT-GAMPAHA-DISTRICT-KALUTARA-DISTRICT-1-Jan.pdf","pdf","https://www.acju.lk/wp-content/uploads/2025/07/01-COLOMBO-DISTRICT-GAMPAHA-DISTRICT-KALUTARA-DISTRICT-1-Jan.pdf","https://www.acju.lk/prayer-times/",200,907986,"success","0a1651d6659ca69f9354fcb254e5d1741954eaa3f9be6187ee171289a05582e0",""
"Colombo_Gampaha_Kalutara","February","01-COLOMBO-DISTRICT-GAMPAHA-DISTRICT-KALUTARA-DISTRICT-2-Feb-scaled.jpg","jpg","https://www.acju.lk/wp-content/uploads/2025/07/01-COLOMBO-DISTRICT-GAMPAHA-DISTRICT-KALUTARA-DISTRICT-2-Feb-scaled.jpg","https://www.acju.lk/prayer-times/",200,665734,"success","eb8dbc02799494654d5beffd963ca7c2acc11cacb3859dce1c007b8ec84da8af",""
"Colombo_Gampaha_Kalutara","February","01-COLOMBO-DISTRICT-GAMPAHA-DISTRICT-KALUTARA-DISTRICT-2-Feb.pdf","pdf","https://www.acju.lk/wp-content/uploads/2025/07/01-COLOMBO-DISTRICT-GAMPAHA-DISTRICT-KALUTARA-DISTRICT-2-Feb.pdf","https://www.acju.lk/prayer-times/",200,907498,"success","74aacdc2d0913b59db54f83a20e3dd3d47de2effbdb095c268a0d22052758a4b",""
"Colombo_Gampaha_Kalutara","March","01-COLOMBO-DISTRICT-GAMPAHA-DISTRICT-KALUTARA-DISTRICT-3-Mar-scaled.jpg","jpg","https://www.acju.lk/wp-content/uploads/2025/07/01-COLOMBO-DISTRICT-GAMPAHA-DISTRICT-KALUTARA-DISTRICT-3-Mar-scaled.jpg","https://www.acju.lk/prayer-times/",200,683644,"success","9e6c6ca75e6cc11157df7fd8428cebfcc57f116d3bdb6d147cbeb2ec0da40831",""
"Colombo_Gampaha_Kalutara","March","01-COLOMBO-DISTRICT-GAMPAHA-DISTRICT-KALUTARA-DISTRICT-3-Mar.pdf","pdf","https://www.acju.lk/wp-content/uploads/2025/07/01-COLOMBO-DISTRICT-GAMPAHA-DISTRICT-KALUTARA-DISTRICT-3-Mar.pdf","https://www.acju.lk/prayer-times/",200,907902,"success","4cbfc213287b480818eded10fc879c3907a47b251924abbe3eed30a7cd9d312f",""
"Colombo_Gampaha_Kalutara","April","01-COLOMBO-DISTRICT-GAMPAHA-DISTRICT-KALUTARA-DISTRICT-4-Apr-scaled.jpg","jpg","https://www.acju.lk/wp-content/uploads/2025/07/01-COLOMBO-DISTRICT-GAMPAHA-DISTRICT-KALUTARA-DISTRICT-4-Apr-scaled.jpg","https://www.acju.lk/prayer-times/",200,670304,"success","0143ededdcd51de3b7d8225e806a17ea0c74ec8f302912c96e047e27960a96c7",""
"Colombo_Gampaha_Kalutara","April","01-COLOMBO-DISTRICT-GAMPAHA-DISTRICT-KALUTARA-DISTRICT-4-Apr.pdf","pdf","https://www.acju.lk/wp-content/uploads/2025/07/01-COLOMBO-DISTRICT-GAMPAHA-DISTRICT-KALUTARA-DISTRICT-4-Apr.pdf","https://www.acju.lk/prayer-times/",200,907648,"success","596f7ed886a123ccc5a54f1182fb211a59dee92f201a4088208cde0cac987f7b",""
"Colombo_Gampaha_Kalutara","May","01-COLOMBO-DISTRICT-GAMPAHA-DISTRICT-KALUTARA-DISTRICT-4-May-scaled.jpg","jpg","https://www.acju.lk/wp-content/uploads/2025/07/01-COLOMBO-DISTRICT-GAMPAHA-DISTRICT-KALUTARA-DISTRICT-4-May-scaled.jpg","https://www.acju.lk/prayer-times/",200,689726,"success","4c08673cc10d9d21927eaf5392334f02c697154d84037f38700647a1f6605f77",""
"Colombo_Gampaha_Kalutara","May","01-COLOMBO-DISTRICT-GAMPAHA-DISTRICT-KALUTARA-DISTRICT-4-May.pdf","pdf","https://www.acju.lk/wp-content/uploads/2025/07/01-COLOMBO-DISTRICT-GAMPAHA-DISTRICT-KALUTARA-DISTRICT-4-May.pdf","https://www.acju.lk/prayer-times/",200,907680,"success","6eb06c261bf3c476332d60a9feb6169d5a8495c6410e6f05f02cad7ae83aeb6f",""
"Colombo_Gampaha_Kalutara","June","01-COLOMBO-DISTRICT-GAMPAHA-DISTRICT-KALUTARA-DISTRICT-6-June-scaled.jpg","jpg","https://www.acju.lk/wp-content/uploads/2025/07/01-COLOMBO-DISTRICT-GAMPAHA-DISTRICT-KALUTARA-DISTRICT-6-June-scaled.jpg","https://www.acju.lk/prayer-times/",200,668434,"success","fe70370bd0103b06c5d4cc7ae00e65438969d7ef104b986f55e91dc39addf577",""
"Colombo_Gampaha_Kalutara","June","01-COLOMBO-DISTRICT-GAMPAHA-DISTRICT-KALUTARA-DISTRICT-6-June.pdf","pdf","https://www.acju.lk/wp-content/uploads/2025/07/01-COLOMBO-DISTRICT-GAMPAHA-DISTRICT-KALUTARA-DISTRICT-6-June.pdf","https://www.acju.lk/prayer-times/",200,482271,"success","e315784bf334d8625b590065d85a0f16d143d602c3da41b1ff8c5920ad05c0e5",""
"Colombo_Gampaha_Kalutara","July","01-COLOMBO-DISTRICT-GAMPAHA-DISTRICT-KALUTARA-DISTRICT-7-July-scaled.jpg","jpg","https://www.acju.lk/wp-content/uploads/2025/07/01-COLOMBO-DISTRICT-GAMPAHA-DISTRICT-KALUTARA-DISTRICT-7-July-scaled.jpg","https://www.acju.lk/prayer-times/",200,680228,"success","cd5ca0430348a9647f07c0d09337b221a8860ec849b333b9482dc4b3fc38f76b",""
"Colombo_Gampaha_Kalutara","July","01-COLOMBO-DISTRICT-GAMPAHA-DISTRICT-KALUTARA-DISTRICT-7-July.pdf","pdf","https://www.acju.lk/wp-content/uploads/2025/07/01-COLOMBO-DISTRICT-GAMPAHA-DISTRICT-KALUTARA-DISTRICT-7-July.pdf","https://www.acju.lk/prayer-times/",200,907535,"success","932aed716700a75dc66136f29df961da39ae5cf71c616fbfa5fde968fa6a8ca9",""
"Colombo_Gampaha_Kalutara","August","01-COLOMBO-DISTRICT-GAMPAHA-DISTRICT-KALUTARA-DISTRICT-8-Aug-scaled.jpg","jpg","https://www.acju.lk/wp-content/uploads/2025/07/01-COLOMBO-DISTRICT-GAMPAHA-DISTRICT-KALUTARA-DISTRICT-8-Aug-scaled.jpg","https://www.acju.lk/prayer-times/",200,689537,"success","9937f5cfecb39a7da2fabfc45081a40445028bd0c03274f9ba751e136c8d5184",""
"Colombo_Gampaha_Kalutara","August","01-COLOMBO-DISTRICT-GAMPAHA-DISTRICT-KALUTARA-DISTRICT-8-Aug.pdf","pdf","https://www.acju.lk/wp-content/uploads/2025/07/01-COLOMBO-DISTRICT-GAMPAHA-DISTRICT-KALUTARA-DISTRICT-8-Aug.pdf","https://www.acju.lk/prayer-times/",200,908124,"success","c4b1e7cf5f7771f40ff20c37dba00bcec36dc91dbc058a9d66489814ef83263a",""
"Colombo_Gampaha_Kalutara","September","01-COLOMBO-DISTRICT-GAMPAHA-DISTRICT-KALUTARA-DISTRICT-9-Sep-scaled.jpg","jpg","https://www.acju.lk/wp-content/uploads/2025/07/01-COLOMBO-DISTRICT-GAMPAHA-DISTRICT-KALUTARA-DISTRICT-9-Sep-scaled.jpg","https://www.acju.lk/prayer-times/",200,676094,"success","a65b27545550452cb49ec2ca8e362f5f0700dff94123c7ed8008e2093f3f0314",""
"Colombo_Gampaha_Kalutara","September","01-COLOMBO-DISTRICT-GAMPAHA-DISTRICT-KALUTARA-DISTRICT-9-Sep.pdf","pdf","https://www.acju.lk/wp-content/uploads/2025/07/01-COLOMBO-DISTRICT-GAMPAHA-DISTRICT-KALUTARA-DISTRICT-9-Sep.pdf","https://www.acju.lk/prayer-times/",200,908005,"success","78eeb04ca4e07e20bd42d0b2b60489ba06d360f66fcabe3642dd00f1450ed1f2",""
"Colombo_Gampaha_Kalutara","October","01-COLOMBO-DISTRICT-GAMPAHA-DISTRICT-KALUTARA-DISTRICT-10-Oct-scaled.jpg","jpg","https://www.acju.lk/wp-content/uploads/2025/07/01-COLOMBO-DISTRICT-GAMPAHA-DISTRICT-KALUTARA-DISTRICT-10-Oct-scaled.jpg","https://www.acju.lk/prayer-times/",200,684132,"success","6a960e7e737e447fbe05b0bbeffd55a9cb54eb855b7e6bfd82edf14e2d2fef96",""
"Colombo_Gampaha_Kalutara","October","01-COLOMBO-DISTRICT-GAMPAHA-DISTRICT-KALUTARA-DISTRICT-10-Oct.pdf","pdf","https://www.acju.lk/wp-content/uploads/2025/07/01-COLOMBO-DISTRICT-GAMPAHA-DISTRICT-KALUTARA-DISTRICT-10-Oct.pdf","https://www.acju.lk/prayer-times/",200,908195,"success","c2145a4fe813ec443421ac5c7cefc3a9f3327978e4514ac32528570fc6093cf8",""
"Colombo_Gampaha_Kalutara","November","01-COLOMBO-DISTRICT-GAMPAHA-DISTRICT-KALUTARA-DISTRICT-11-Nov-scaled.jpg","jpg","https://www.acju.lk/wp-content/uploads/2025/07/01-COLOMBO-DISTRICT-GAMPAHA-DISTRICT-KALUTARA-DISTRICT-11-Nov-scaled.jpg","https://www.acju.lk/prayer-times/",200,673258,"success","a37d83600f653b0f757c9192776bdc1578c47269646e1eca95d001811ac70b34",""
"Colombo_Gampaha_Kalutara","November","01-COLOMBO-DISTRICT-GAMPAHA-DISTRICT-KALUTARA-DISTRICT-11-Nov.pdf","pdf","https://www.acju.lk/wp-content/uploads/2025/07/01-COLOMBO-DISTRICT-GAMPAHA-DISTRICT-KALUTARA-DISTRICT-11-Nov.pdf","https://www.acju.lk/prayer-times/",200,907796,"success","b1b4c94da69c8e68d016d6523472ca25fc33a55fafab577631d0a7a3d67ff155",""
"Colombo_Gampaha_Kalutara","December","01-COLOMBO-DISTRICT-GAMPAHA-DISTRICT-KALUTARA-DISTRICT-12-Dec-scaled.jpg","jpg","https://www.acju.lk/wp-content/uploads/2025/07/01-COLOMBO-DISTRICT-GAMPAHA-DISTRICT-KALUTARA-DISTRICT-12-Dec-scaled.jpg","https://www.acju.lk/prayer-times/",200,685252,"success","1f68b8c610bd2c747b7d12279f6a8f524132535e0c79e67345b5a0c7100993a4",""
"Colombo_Gampaha_Kalutara","December","01-COLOMBO-DISTRICT-GAMPAHA-DISTRICT-KALUTARA-DISTRICT-12-Dec.pdf","pdf","https://www.acju.lk/wp-content/uploads/2025/07/01-COLOMBO-DISTRICT-GAMPAHA-DISTRICT-KALUTARA-DISTRICT-12-Dec.pdf","https://www.acju.lk/prayer-times/",200,908327,"success","4b0890c21e2b8d950bd4172941d4548cd7826c1e1e0f0236d9c7c3e273aaba55",""
"Jaffna_Nallur","January","02-JAFFNA-DISTRICT-NALLUR-1-Jan-scaled.jpg","jpg","https://www.acju.lk/wp-content/uploads/2025/07/02-JAFFNA-DISTRICT-NALLUR-1-Jan-scaled.jpg","https://www.acju.lk/prayer-times/",200,719058,"success","4fedfed6d507dbdb9e60aacf4972457fa2789f174d02a37938a6b2d5a150f419",""
"Jaffna_Nallur","January","02-JAFFNA-DISTRICT-NALLUR-1-Jan.pdf","pdf","https://www.acju.lk/wp-content/uploads/2025/07/02-JAFFNA-DISTRICT-NALLUR-1-Jan.pdf","https://www.acju.lk/prayer-times/",200,825904,"success","b2687c3053c0e7f633ded3a4130c8e9ba9d856cf20dfa92fad1538c789deb3e4",""
"Jaffna_Nallur","February","02-JAFFNA-DISTRICT-NALLUR-2-Feb-scaled.jpg","jpg","https://www.acju.lk/wp-content/uploads/2025/07/02-JAFFNA-DISTRICT-NALLUR-2-Feb-scaled.jpg","https://www.acju.lk/prayer-times/",200,696289,"success","676d81473e41b7f101b8bf384c4046c1e24662b8d9e7f1567c3d2004a55f266c",""
"Jaffna_Nallur","February","02-JAFFNA-DISTRICT-NALLUR-2-Feb.pdf","pdf","https://www.acju.lk/wp-content/uploads/2025/07/02-JAFFNA-DISTRICT-NALLUR-2-Feb.pdf","https://www.acju.lk/prayer-times/",200,825417,"success","c5cae7894445ba8b91464f7255c5bbdeafc82480e63bfaa3a2c0a8bbd9a687c8",""
"Jaffna_Nallur","March","02-JAFFNA-DISTRICT-NALLUR-3-Mar-scaled.jpg","jpg","https://www.acju.lk/wp-content/uploads/2025/07/02-JAFFNA-DISTRICT-NALLUR-3-Mar-scaled.jpg","https://www.acju.lk/prayer-times/",200,718590,"success","156ee5d4eda200f0c33eb9b63240869da47a3146ce29c22a1872c5ce08302426",""
"Jaffna_Nallur","March","02-JAFFNA-DISTRICT-NALLUR-3-Mar.pdf","pdf","https://www.acju.lk/wp-content/uploads/2025/07/02-JAFFNA-DISTRICT-NALLUR-3-Mar.pdf","https://www.acju.lk/prayer-times/",200,825767,"success","33e1a21675d0d99de81c435bc00cdb4ed1075678dc7cda38977a91d4b6146c04",""
"Jaffna_Nallur","April","02-JAFFNA-DISTRICT-NALLUR-4-Apr-scaled.jpg","jpg","https://www.acju.lk/wp-content/uploads/2025/07/02-JAFFNA-DISTRICT-NALLUR-4-Apr-scaled.jpg","https://www.acju.lk/prayer-times/",200,701746,"success","26e33955a38817b7b31b99c2dfdd02afc7d69e2eba12314b0c127632bb9d6508",""
"Jaffna_Nallur","April","02-JAFFNA-DISTRICT-NALLUR-4-Apr.pdf","pdf","https://www.acju.lk/wp-content/uploads/2025/07/02-JAFFNA-DISTRICT-NALLUR-4-Apr.pdf","https://www.acju.lk/prayer-times/",200,825687,"success","b47331f79ce161c3289e2002c16325750b2d724c816b0788b1d454514e40ce93",""
"Jaffna_Nallur","May","02-JAFFNA-DISTRICT-NALLUR-4-May-scaled.jpg","jpg","https://www.acju.lk/wp-content/uploads/2025/07/02-JAFFNA-DISTRICT-NALLUR-4-May-scaled.jpg","https://www.acju.lk/prayer-times/",200,722430,"success","eebd448ff6f394c2454e199b1b843f3ee8bf8e1293d45722cf86a9980e5cdec4",""
"Jaffna_Nallur","May","02-JAFFNA-DISTRICT-NALLUR-4-May.pdf","pdf","https://www.acju.lk/wp-content/uploads/2025/07/02-JAFFNA-DISTRICT-NALLUR-4-May.pdf","https://www.acju.lk/prayer-times/",200,825670,"success","fc9f9c879d196a6c432fac51a036f0375e155412fc6499d0af408be47b96b41b",""
"Jaffna_Nallur","June","02-JAFFNA-DISTRICT-NALLUR-6-June-scaled.jpg","jpg","https://www.acju.lk/wp-content/uploads/2025/07/02-JAFFNA-DISTRICT-NALLUR-6-June-scaled.jpg","https://www.acju.lk/prayer-times/",200,700243,"success","db7a0c1f40d2bc1b94eaa5f81d01fdc4afe4b0a660ae623671e017be6f13425f",""
"Jaffna_Nallur","June","02-JAFFNA-DISTRICT-NALLUR-6-June.pdf","pdf","https://www.acju.lk/wp-content/uploads/2025/07/02-JAFFNA-DISTRICT-NALLUR-6-June.pdf","https://www.acju.lk/prayer-times/",200,400160,"success","3d2243daf8f4b55c8db3924e0cedbc55f448ac8df75fe5d6ae180d1e7f59ac56",""
"Jaffna_Nallur","July","02-JAFFNA-DISTRICT-NALLUR-7-July-scaled.jpg","jpg","https://www.acju.lk/wp-content/uploads/2025/07/02-JAFFNA-DISTRICT-NALLUR-7-July-scaled.jpg","https://www.acju.lk/prayer-times/",200,713564,"success","f9862f90d9a5eb3c56a2e4713d7c8d1ab26d91c90fc7564a61e1eeda7a76d422",""
"Jaffna_Nallur","July","02-JAFFNA-DISTRICT-NALLUR-7-July.pdf","pdf","https://www.acju.lk/wp-content/uploads/2025/07/02-JAFFNA-DISTRICT-NALLUR-7-July.pdf","https://www.acju.lk/prayer-times/",200,825463,"success","51b100451fadb90174263edf2f707cc68f02248aca65631e9e067d65e196bdaa",""
"Jaffna_Nallur","August","02-JAFFNA-DISTRICT-NALLUR-8-Aug-scaled.jpg","jpg","https://www.acju.lk/wp-content/uploads/2025/07/02-JAFFNA-DISTRICT-NALLUR-8-Aug-scaled.jpg","https://www.acju.lk/prayer-times/",200,721005,"success","7ad44159fb0d8c792f7b2f5f0bf4e376d334baf6bb2b2c0c2776bf88af7ad09a",""
"Jaffna_Nallur","August","02-JAFFNA-DISTRICT-NALLUR-8-Aug.pdf","pdf","https://www.acju.lk/wp-content/uploads/2025/07/02-JAFFNA-DISTRICT-NALLUR-8-Aug.pdf","https://www.acju.lk/prayer-times/",200,826058,"success","dfc54fdf7d9c2a8815c9cb34d7a5ec0ecd9c84ae5b48669e31b4fe5fa5e482b9",""
"Jaffna_Nallur","September","02-JAFFNA-DISTRICT-NALLUR-9-Sep-scaled.jpg","jpg","https://www.acju.lk/wp-content/uploads/2025/07/02-JAFFNA-DISTRICT-NALLUR-9-Sep-scaled.jpg","https://www.acju.lk/prayer-times/",200,707438,"success","06b8d1b9fd26f60a817039cd9d629c74a27f729f868b1f9ab2743ec41d80fd2a",""
"Jaffna_Nallur","September","02-JAFFNA-DISTRICT-NALLUR-9-Sep.pdf","pdf","https://www.acju.lk/wp-content/uploads/2025/07/02-JAFFNA-DISTRICT-NALLUR-9-Sep.pdf","https://www.acju.lk/prayer-times/",200,825889,"success","c9a698e75412923beb110b5341113f29e5c26f6fc1c9c5f65504ee2b92bd575f",""
"Jaffna_Nallur","October","02-JAFFNA-DISTRICT-NALLUR-10-Oct-scaled.jpg","jpg","https://www.acju.lk/wp-content/uploads/2025/07/02-JAFFNA-DISTRICT-NALLUR-10-Oct-scaled.jpg","https://www.acju.lk/prayer-times/",200,716941,"success","b1c33c88e6d9011192452cfc89a2858b7fb333c7c64520797e8b6af7df32cb85",""
"Jaffna_Nallur","October","02-JAFFNA-DISTRICT-NALLUR-10-Oct.pdf","pdf","https://www.acju.lk/wp-content/uploads/2025/07/02-JAFFNA-DISTRICT-NALLUR-10-Oct.pdf","https://www.acju.lk/prayer-times/",200,825923,"success","1a774f97b0f4eadf000559ca95031870d261ef80e4010287aef228b74684b9e0",""
"Jaffna_Nallur","November","02-JAFFNA-DISTRICT-NALLUR-11-Nov-scaled.jpg","jpg","https://www.acju.lk/wp-content/uploads/2025/07/02-JAFFNA-DISTRICT-NALLUR-11-Nov-scaled.jpg","https://www.acju.lk/prayer-times/",200,707544,"success","5397a86b99c69208f8d0abab237e5271d3dc6de8e607928cbd569a99e5ab2ab1",""
"Jaffna_Nallur","November","02-JAFFNA-DISTRICT-NALLUR-11-Nov.pdf","pdf","https://www.acju.lk/wp-content/uploads/2025/07/02-JAFFNA-DISTRICT-NALLUR-11-Nov.pdf","https://www.acju.lk/prayer-times/",200,825731,"success","b50843139658f55278701b630a9ffb91691364a9aa58159de204fd73719ccafc",""
"Jaffna_Nallur","December","02-JAFFNA-DISTRICT-NALLUR-12-Dec-scaled.jpg","jpg","https://www.acju.lk/wp-content/uploads/2025/07/02-JAFFNA-DISTRICT-NALLUR-12-Dec-scaled.jpg","https://www.acju.lk/prayer-times/",200,720340,"success","bbf0eb933ac7ddf7489a6d77ec865dd2268b9df05d8dd9392141dc2038952bc7",""
"Jaffna_Nallur","December","02-JAFFNA-DISTRICT-NALLUR-12-Dec.pdf","pdf","https://www.acju.lk/wp-content/uploads/2025/07/02-JAFFNA-DISTRICT-NALLUR-12-Dec.pdf","https://www.acju.lk/prayer-times/",200,826158,"success","e649ac30f3c687c7d94e9f60245541788371899d7fe8c8c3ed794810e34f3e95",""
"Mannar_Puttalam","January","04-MANNAR-DISTRICT-PUTTALAM-DISTRICT-1-Jan-scaled.jpg","jpg","https://www.acju.lk/wp-content/uploads/2025/07/04-MANNAR-DISTRICT-PUTTALAM-DISTRICT-1-Jan-scaled.jpg","https://www.acju.lk/prayer-times/",200,695796,"success","5be43867920f69eec4aa2a90f038ec014e815bcbbf923656d7e0e7d8b2c63710",""
"Mannar_Puttalam","January","04-MANNAR-DISTRICT-PUTTALAM-DISTRICT-1-Jan.pdf","pdf","https://www.acju.lk/wp-content/uploads/2025/07/04-MANNAR-DISTRICT-PUTTALAM-DISTRICT-1-Jan.pdf","https://www.acju.lk/prayer-times/",200,825850,"success","d4b8540a6b16da177d858d91a4b918021f16611d7ffc2eb284677264c385e4e8",""
"Mannar_Puttalam","February","04-MANNAR-DISTRICT-PUTTALAM-DISTRICT-2-Feb-scaled.jpg","jpg","https://www.acju.lk/wp-content/uploads/2025/07/04-MANNAR-DISTRICT-PUTTALAM-DISTRICT-2-Feb-scaled.jpg","https://www.acju.lk/prayer-times/",200,674122,"success","929f01a39e6725c8374cc6736ee84dba219f079f8001a6ebd919202c88dbbc27",""
"Mannar_Puttalam","February","04-MANNAR-DISTRICT-PUTTALAM-DISTRICT-2-Feb.pdf","pdf","https://www.acju.lk/wp-content/uploads/2025/07/04-MANNAR-DISTRICT-PUTTALAM-DISTRICT-2-Feb.pdf","https://www.acju.lk/prayer-times/",200,825425,"success","0811835479dbbbf2639daf52bb3a0cea231fda4107ecd1f6b7b915468c2d13b3",""
"Mannar_Puttalam","March","04-MANNAR-DISTRICT-PUTTALAM-DISTRICT-3-Mar-scaled.jpg","jpg","https://www.acju.lk/wp-content/uploads/2025/07/04-MANNAR-DISTRICT-PUTTALAM-DISTRICT-3-Mar-scaled.jpg","https://www.acju.lk/prayer-times/",200,695324,"success","175de1d1861aa56a83d95571d4940afa6b06285cbdeccc7ba1292cb6163d53a4",""
"Mannar_Puttalam","March","04-MANNAR-DISTRICT-PUTTALAM-DISTRICT-3-Mar.pdf","pdf","https://www.acju.lk/wp-content/uploads/2025/07/04-MANNAR-DISTRICT-PUTTALAM-DISTRICT-3-Mar.pdf","https://www.acju.lk/prayer-times/",200,825821,"success","c63d47f04fbf4ac173f8cd626050824978c6b0884f571348f88dc1d940e0fd24",""
"Mannar_Puttalam","April","04-MANNAR-DISTRICT-PUTTALAM-DISTRICT-4-Apr-scaled.jpg","jpg","https://www.acju.lk/wp-content/uploads/2025/07/04-MANNAR-DISTRICT-PUTTALAM-DISTRICT-4-Apr-scaled.jpg","https://www.acju.lk/prayer-times/",200,679432,"success","eef7fd197c169c87f0b13527595cb9dffddd6b4401c18c1caef41fa4d182cf77",""
"Mannar_Puttalam","April","04-MANNAR-DISTRICT-PUTTALAM-DISTRICT-4-Apr.pdf","pdf","https://www.acju.lk/wp-content/uploads/2025/07/04-MANNAR-DISTRICT-PUTTALAM-DISTRICT-4-Apr.pdf","https://www.acju.lk/prayer-times/",200,825607,"success","11d8da33b19134a40b5dcfe6444a90579519d0cca90efb104dba80114ced676f",""
"Mannar_Puttalam","May","04-MANNAR-DISTRICT-PUTTALAM-DISTRICT-5-May-scaled.jpg","jpg","https://www.acju.lk/wp-content/uploads/2025/07/04-MANNAR-DISTRICT-PUTTALAM-DISTRICT-5-May-scaled.jpg","https://www.acju.lk/prayer-times/",200,698782,"success","0f1e4e1c7ca33d717b5b5f729467b63b894e597337bafde0b5c3493e628ab765",""
"Mannar_Puttalam","May","04-MANNAR-DISTRICT-PUTTALAM-DISTRICT-5-May.pdf","pdf","https://www.acju.lk/wp-content/uploads/2025/07/04-MANNAR-DISTRICT-PUTTALAM-DISTRICT-5-May.pdf","https://www.acju.lk/prayer-times/",200,825618,"success","067e4acb89f975e89740202b13fc06476e25086a759ecb5c211c7e361cdff093",""
"Mannar_Puttalam","June","04-MANNAR-DISTRICT-PUTTALAM-DISTRICT-6-June-scaled.jpg","jpg","https://www.acju.lk/wp-content/uploads/2025/07/04-MANNAR-DISTRICT-PUTTALAM-DISTRICT-6-June-scaled.jpg","https://www.acju.lk/prayer-times/",200,679136,"success","784212f8a8ff64d83f843be7516f97c7e64a1c1212f629f23cab7ea1e900bb85",""
"Mannar_Puttalam","June","04-MANNAR-DISTRICT-PUTTALAM-DISTRICT-6-June.pdf","pdf","https://www.acju.lk/wp-content/uploads/2025/07/04-MANNAR-DISTRICT-PUTTALAM-DISTRICT-6-June.pdf","https://www.acju.lk/prayer-times/",200,400104,"success","87384c8ad607959da70be36e530ea4651dd740550ff952da15eda3ed488cbbb0",""
"Mannar_Puttalam","July","04-MANNAR-DISTRICT-PUTTALAM-DISTRICT-7-July-scaled.jpg","jpg","https://www.acju.lk/wp-content/uploads/2025/07/04-MANNAR-DISTRICT-PUTTALAM-DISTRICT-7-July-scaled.jpg","https://www.acju.lk/prayer-times/",200,691056,"success","59be30f3f1fdd5e1ca1d030bc489c0a30f106bf15a06561b23a90a6096638788",""
"Mannar_Puttalam","July","04-MANNAR-DISTRICT-PUTTALAM-DISTRICT-7-July.pdf","pdf","https://www.acju.lk/wp-content/uploads/2025/07/04-MANNAR-DISTRICT-PUTTALAM-DISTRICT-7-July.pdf","https://www.acju.lk/prayer-times/",200,825476,"success","3b0c12a9d829973a2b64d94fee7e537e5a3928c7fc97cfd5bfab22cc57c365c9",""
"Mannar_Puttalam","August","04-MANNAR-DISTRICT-PUTTALAM-DISTRICT-8-Aug-scaled.jpg","jpg","https://www.acju.lk/wp-content/uploads/2025/07/04-MANNAR-DISTRICT-PUTTALAM-DISTRICT-8-Aug-scaled.jpg","https://www.acju.lk/prayer-times/",200,698874,"success","19376b1bc756fd4750b985c55c654910724df26d36291db92c318c1e7f739904",""
"Mannar_Puttalam","August","04-MANNAR-DISTRICT-PUTTALAM-DISTRICT-8-Aug.pdf","pdf","https://www.acju.lk/wp-content/uploads/2025/07/04-MANNAR-DISTRICT-PUTTALAM-DISTRICT-8-Aug.pdf","https://www.acju.lk/prayer-times/",200,826053,"success","ddb84c1970505c6c33a02ec9a3f756bf274751776430e1475cd45bac22a370f7",""
"Mannar_Puttalam","September","04-MANNAR-DISTRICT-PUTTALAM-DISTRICT-9-Sep-scaled.jpg","jpg","https://www.acju.lk/wp-content/uploads/2025/07/04-MANNAR-DISTRICT-PUTTALAM-DISTRICT-9-Sep-scaled.jpg","https://www.acju.lk/prayer-times/",200,686903,"success","ddaeb91466860ca872bd34c69e7d798314f5503a26c818f3c4999039b34f1b9e",""
"Mannar_Puttalam","September","04-MANNAR-DISTRICT-PUTTALAM-DISTRICT-9-Sep.pdf","pdf","https://www.acju.lk/wp-content/uploads/2025/07/04-MANNAR-DISTRICT-PUTTALAM-DISTRICT-9-Sep.pdf","https://www.acju.lk/prayer-times/",200,825860,"success","3e1207406c157c314b615a3a1c96c8b77e1e7d6e2231c23aeffd66c61690dc50",""
"Mannar_Puttalam","October","04-MANNAR-DISTRICT-PUTTALAM-DISTRICT-10-Oct-scaled.jpg","jpg","https://www.acju.lk/wp-content/uploads/2025/07/04-MANNAR-DISTRICT-PUTTALAM-DISTRICT-10-Oct-scaled.jpg","https://www.acju.lk/prayer-times/",200,693898,"success","2fef6d850e3e86c41af6e2c173b7cb6a1d3a79a6319855f66fe94be1a6263cbc",""
"Mannar_Puttalam","October","04-MANNAR-DISTRICT-PUTTALAM-DISTRICT-10-Oct.pdf","pdf","https://www.acju.lk/wp-content/uploads/2025/07/04-MANNAR-DISTRICT-PUTTALAM-DISTRICT-10-Oct.pdf","https://www.acju.lk/prayer-times/",200,825921,"success","66edc713020126a8ae467748beb93fcfea9f4e5bd921fca16fbe18d9f889bdbe",""
"Mannar_Puttalam","November","04-MANNAR-DISTRICT-PUTTALAM-DISTRICT-11-Nov-scaled.jpg","jpg","https://www.acju.lk/wp-content/uploads/2025/07/04-MANNAR-DISTRICT-PUTTALAM-DISTRICT-11-Nov-scaled.jpg","https://www.acju.lk/prayer-times/",200,683960,"success","73ba231581125edbefc068754c758e62a04e6758525f68ab933675698da23148",""
"Mannar_Puttalam","November","04-MANNAR-DISTRICT-PUTTALAM-DISTRICT-11-Nov.pdf","pdf","https://www.acju.lk/wp-content/uploads/2025/07/04-MANNAR-DISTRICT-PUTTALAM-DISTRICT-11-Nov.pdf","https://www.acju.lk/prayer-times/",200,825701,"success","a063557d1d55a6ca2da5b0c5aed09bcf2d30eff35ecb4c51d7e571e41e92f3f2",""
"Mannar_Puttalam","December","04-MANNAR-DISTRICT-PUTTALAM-DISTRICT-12-Dec-scaled.jpg","jpg","https://www.acju.lk/wp-content/uploads/2025/07/04-MANNAR-DISTRICT-PUTTALAM-DISTRICT-12-Dec-scaled.jpg","https://www.acju.lk/prayer-times/",200,696905,"success","fcabf7ebf9272d85bb12bd47a9bb567895025a66532cb75bbc8900b71bc24a0a",""
"Mannar_Puttalam","December","04-MANNAR-DISTRICT-PUTTALAM-DISTRICT-12-Dec.pdf","pdf","https://www.acju.lk/wp-content/uploads/2025/07/04-MANNAR-DISTRICT-PUTTALAM-DISTRICT-12-Dec.pdf","https://www.acju.lk/prayer-times/",200,826159,"success","f7080a8106253872dc5bb64deb2e3e5cdb025addb94eb0f9b7011d5b32b8d26d",""
"Anuradhapura_Polonnaruwa","January","05-ANURADHAPURA-DISTRICT-POLONNARUWA-DISTRICT-1-Jan-scaled.jpg","jpg","https://www.acju.lk/wp-content/uploads/2025/07/05-ANURADHAPURA-DISTRICT-POLONNARUWA-DISTRICT-1-Jan-scaled.jpg","https://www.acju.lk/prayer-times/",200,654516,"success","3b73c9fe1bb30f5afbd3cad245121e399aab935367caad89bef274ae2f58468b",""
"Anuradhapura_Polonnaruwa","January","05-ANURADHAPURA-DISTRICT-POLONNARUWA-DISTRICT-1-Jan.pdf","pdf","https://www.acju.lk/wp-content/uploads/2025/07/05-ANURADHAPURA-DISTRICT-POLONNARUWA-DISTRICT-1-Jan.pdf","https://www.acju.lk/prayer-times/",200,826044,"success","cc55da3c04627a667de3520a19a48d235fd293908fd32dde9d5bb9e274e2def9",""
"Anuradhapura_Polonnaruwa","February","05-ANURADHAPURA-DISTRICT-POLONNARUWA-DISTRICT-2-Feb-scaled.jpg","jpg","https://www.acju.lk/wp-content/uploads/2025/07/05-ANURADHAPURA-DISTRICT-POLONNARUWA-DISTRICT-2-Feb-scaled.jpg","https://www.acju.lk/prayer-times/",200,640551,"success","f075e92b7e97caf3993fe8804494b98eb5808dc582a44d924da3564624e68bd3",""
"Anuradhapura_Polonnaruwa","February","05-ANURADHAPURA-DISTRICT-POLONNARUWA-DISTRICT-2-Feb.pdf","pdf","https://www.acju.lk/wp-content/uploads/2025/07/05-ANURADHAPURA-DISTRICT-POLONNARUWA-DISTRICT-2-Feb.pdf","https://www.acju.lk/prayer-times/",200,825508,"success","65c5326d8c6b0d57ee606946b2ced262394e6c6f04c5c95615b3eb50d0155258",""
"Anuradhapura_Polonnaruwa","March","05-ANURADHAPURA-DISTRICT-POLONNARUWA-DISTRICT-3-Mar-scaled.jpg","jpg","https://www.acju.lk/wp-content/uploads/2025/07/05-ANURADHAPURA-DISTRICT-POLONNARUWA-DISTRICT-3-Mar-scaled.jpg","https://www.acju.lk/prayer-times/",0,0,"failed","","getaddrinfo ENOTFOUND www.acju.lk"
"Anuradhapura_Polonnaruwa","March","05-ANURADHAPURA-DISTRICT-POLONNARUWA-DISTRICT-3-Mar.pdf","pdf","https://www.acju.lk/wp-content/uploads/2025/07/05-ANURADHAPURA-DISTRICT-POLONNARUWA-DISTRICT-3-Mar.pdf","https://www.acju.lk/prayer-times/",0,0,"failed","","getaddrinfo ENOTFOUND www.acju.lk"
"Anuradhapura_Polonnaruwa","April","05-ANURADHAPURA-DISTRICT-POLONNARUWA-DISTRICT-4-Apr-scaled.jpg","jpg","https://www.acju.lk/wp-content/uploads/2025/07/05-ANURADHAPURA-DISTRICT-POLONNARUWA-DISTRICT-4-Apr-scaled.jpg","https://www.acju.lk/prayer-times/",0,0,"failed","","getaddrinfo ENOTFOUND www.acju.lk"
"Anuradhapura_Polonnaruwa","April","05-ANURADHAPURA-DISTRICT-POLONNARUWA-DISTRICT-4-Apr.pdf","pdf","https://www.acju.lk/wp-content/uploads/2025/07/05-ANURADHAPURA-DISTRICT-POLONNARUWA-DISTRICT-4-Apr.pdf","https://www.acju.lk/prayer-times/",200,825685,"success","86fa383d4c1c348a731a0c38f0b5b50395c2ac1f7c4711612c542d63c6ccb48d",""
"Anuradhapura_Polonnaruwa","May","05-ANURADHAPURA-DISTRICT-POLONNARUWA-DISTRICT-5-May-scaled.jpg","jpg","https://www.acju.lk/wp-content/uploads/2025/07/05-ANURADHAPURA-DISTRICT-POLONNARUWA-DISTRICT-5-May-scaled.jpg","https://www.acju.lk/prayer-times/",200,657325,"success","6a5d65900d272c4c9fa30aefa78e4b8ad516daefa97c56646ee67375e105b7e8",""
"Anuradhapura_Polonnaruwa","May","05-ANURADHAPURA-DISTRICT-POLONNARUWA-DISTRICT-5-May.pdf","pdf","https://www.acju.lk/wp-content/uploads/2025/07/05-ANURADHAPURA-DISTRICT-POLONNARUWA-DISTRICT-5-May.pdf","https://www.acju.lk/prayer-times/",200,825762,"success","e516a9d18a1e784369091244827904cbf4720a0f0853901e2f70b50198e747f1",""
"Anuradhapura_Polonnaruwa","June","05-ANURADHAPURA-DISTRICT-POLONNARUWA-DISTRICT-6-June-scaled.jpg","jpg","https://www.acju.lk/wp-content/uploads/2025/07/05-ANURADHAPURA-DISTRICT-POLONNARUWA-DISTRICT-6-June-scaled.jpg","https://www.acju.lk/prayer-times/",200,643180,"success","b90f3b393f206570cfbfee4e244b72322c0ec10d4313ffb8c0b79a197f7994f4",""
"Anuradhapura_Polonnaruwa","June","05-ANURADHAPURA-DISTRICT-POLONNARUWA-DISTRICT-6-June.pdf","pdf","https://www.acju.lk/wp-content/uploads/2025/07/05-ANURADHAPURA-DISTRICT-POLONNARUWA-DISTRICT-6-June.pdf","https://www.acju.lk/prayer-times/",200,400266,"success","1411da7151bfbf36891815cd7035ec74a615f9c0948e775521879cc8aed4a780",""
"Anuradhapura_Polonnaruwa","July","05-ANURADHAPURA-DISTRICT-POLONNARUWA-DISTRICT-7-July-scaled.jpg","jpg","https://www.acju.lk/wp-content/uploads/2025/07/05-ANURADHAPURA-DISTRICT-POLONNARUWA-DISTRICT-7-July-scaled.jpg","https://www.acju.lk/prayer-times/",200,647309,"success","9a4404c2b982080f539673e016a31f524778a8a474cb31488185a6179fc811ac",""
"Anuradhapura_Polonnaruwa","July","05-ANURADHAPURA-DISTRICT-POLONNARUWA-DISTRICT-7-July.pdf","pdf","https://www.acju.lk/wp-content/uploads/2025/07/05-ANURADHAPURA-DISTRICT-POLONNARUWA-DISTRICT-7-July.pdf","https://www.acju.lk/prayer-times/",200,825579,"success","da9822e31e22dea11191957ffb984b17652cc679f0272936ef0216782aff95e9",""
"Anuradhapura_Polonnaruwa","August","05-ANURADHAPURA-DISTRICT-POLONNARUWA-DISTRICT-8-Aug-scaled.jpg","jpg","https://www.acju.lk/wp-content/uploads/2025/07/05-ANURADHAPURA-DISTRICT-POLONNARUWA-DISTRICT-8-Aug-scaled.jpg","https://www.acju.lk/prayer-times/",200,652609,"success","5fac78594840d4393d167b1aa4e1b59bb6f61721a36253983e40b009dd16ee8c",""
"Anuradhapura_Polonnaruwa","August","05-ANURADHAPURA-DISTRICT-POLONNARUWA-DISTRICT-8-Aug.pdf","pdf","https://www.acju.lk/wp-content/uploads/2025/07/05-ANURADHAPURA-DISTRICT-POLONNARUWA-DISTRICT-8-Aug.pdf","https://www.acju.lk/prayer-times/",200,826191,"success","6d7dde6cadf5552075bcccd7684e8926a112b4a4ef6771ee8b2f4bd4ded302e2",""
"Anuradhapura_Polonnaruwa","September","05-ANURADHAPURA-DISTRICT-POLONNARUWA-DISTRICT-9-Sep-scaled.jpg","jpg","https://www.acju.lk/wp-content/uploads/2025/07/05-ANURADHAPURA-DISTRICT-POLONNARUWA-DISTRICT-9-Sep-scaled.jpg","https://www.acju.lk/prayer-times/",200,648737,"success","b68d5a78c023ef0a29793f88cd1c1d41fd12347f70d296b67ed4e6532608ea6b",""
"Anuradhapura_Polonnaruwa","September","05-ANURADHAPURA-DISTRICT-POLONNARUWA-DISTRICT-9-Sep.pdf","pdf","https://www.acju.lk/wp-content/uploads/2025/07/05-ANURADHAPURA-DISTRICT-POLONNARUWA-DISTRICT-9-Sep.pdf","https://www.acju.lk/prayer-times/",200,825960,"success","800b71788a60ecc14b6e715c4210884363f1d2a4f7d7508143ad3bb36196d478",""
"Anuradhapura_Polonnaruwa","October","05-ANURADHAPURA-DISTRICT-POLONNARUWA-DISTRICT-10-Oct-scaled.jpg","jpg","https://www.acju.lk/wp-content/uploads/2025/07/05-ANURADHAPURA-DISTRICT-POLONNARUWA-DISTRICT-10-Oct-scaled.jpg","https://www.acju.lk/prayer-times/",200,653666,"success","65cf97393b74a4cc0771481c19885717bf1f6f0355d6a63ab7de65d40bec70ce",""
"Anuradhapura_Polonnaruwa","October","05-ANURADHAPURA-DISTRICT-POLONNARUWA-DISTRICT-10-Oct.pdf","pdf","https://www.acju.lk/wp-content/uploads/2025/07/05-ANURADHAPURA-DISTRICT-POLONNARUWA-DISTRICT-10-Oct.pdf","https://www.acju.lk/prayer-times/",200,826067,"success","be0ff6bb12eafccb07e5f2e991baf76811edb281202d9c3a6b7e0b6eb64ec083",""
"Anuradhapura_Polonnaruwa","November","05-ANURADHAPURA-DISTRICT-POLONNARUWA-DISTRICT-11-Nov-scaled.jpg","jpg","https://www.acju.lk/wp-content/uploads/2025/07/05-ANURADHAPURA-DISTRICT-POLONNARUWA-DISTRICT-11-Nov-scaled.jpg","https://www.acju.lk/prayer-times/",200,646321,"success","8be9a62600306d7d97daca5cb715996c31af064bcd12133b28cca693793f3538",""
"Anuradhapura_Polonnaruwa","November","05-ANURADHAPURA-DISTRICT-POLONNARUWA-DISTRICT-11-Nov.pdf","pdf","https://www.acju.lk/wp-content/uploads/2025/07/05-ANURADHAPURA-DISTRICT-POLONNARUWA-DISTRICT-11-Nov.pdf","https://www.acju.lk/prayer-times/",200,825762,"success","4301d96fff54c729196e68d2c7611dd291e4425427aafc613efd8354aa7e28e0",""
"Anuradhapura_Polonnaruwa","December","05-ANURADHAPURA-DISTRICT-POLONNARUWA-DISTRICT-12-Dec-scaled.jpg","jpg","https://www.acju.lk/wp-content/uploads/2025/07/05-ANURADHAPURA-DISTRICT-POLONNARUWA-DISTRICT-12-Dec-scaled.jpg","https://www.acju.lk/prayer-times/",200,654792,"success","72a5223a257f3ce450882ab506f99644e00173c91419c794e52133cf02cdabbb",""
"Anuradhapura_Polonnaruwa","December","05-ANURADHAPURA-DISTRICT-POLONNARUWA-DISTRICT-12-Dec.pdf","pdf","https://www.acju.lk/wp-content/uploads/2025/07/05-ANURADHAPURA-DISTRICT-POLONNARUWA-DISTRICT-12-Dec.pdf","https://www.acju.lk/prayer-times/",200,826290,"success","75fd3e61e2eade75b2f1ff17967baa7c532df2691d70f17d9f59a1a959f02aef",""
"Kurunegala","January","06-KURUNEGALA-DISTRICT-1-Jan-scaled.jpg","jpg","https://www.acju.lk/wp-content/uploads/2025/07/06-KURUNEGALA-DISTRICT-1-Jan-scaled.jpg","https://www.acju.lk/prayer-times/",200,718372,"success","1d144b4e21745455dd20e3c06bdd482b3f30dd761ac8fd8d4d2d2614a47c6189",""
"Kurunegala","January","06-KURUNEGALA-DISTRICT-1-Jan.pdf","pdf","https://www.acju.lk/wp-content/uploads/2025/07/06-KURUNEGALA-DISTRICT-1-Jan.pdf","https://www.acju.lk/prayer-times/",200,825823,"success","4b7a5cfbbb49a1f65c122f798b98bb2c12743ac1074db466fd311f3e06ba6943",""
"Kurunegala","February","06-KURUNEGALA-DISTRICT-2-Feb-scaled.jpg","jpg","https://www.acju.lk/wp-content/uploads/2025/07/06-KURUNEGALA-DISTRICT-2-Feb-scaled.jpg","https://www.acju.lk/prayer-times/",200,701495,"success","3e03ee61774d8883914ca68c6779124a4512e0d72a9ba1daec9633b2ee4417f8",""
"Kurunegala","February","06-KURUNEGALA-DISTRICT-2-Feb.pdf","pdf","https://www.acju.lk/wp-content/uploads/2025/07/06-KURUNEGALA-DISTRICT-2-Feb.pdf","https://www.acju.lk/prayer-times/",200,825358,"success","919bfb89c0dea03d9387f4c18a7f8f6f6c002552fec2a9a480b67c89a0a019c6",""
"Kurunegala","March","06-KURUNEGALA-DISTRICT-3-Mar-scaled.jpg","jpg","https://www.acju.lk/wp-content/uploads/2025/07/06-KURUNEGALA-DISTRICT-3-Mar-scaled.jpg","https://www.acju.lk/prayer-times/",200,715238,"success","479abca897ea7e645ec2abc866982e6597a1167f93b4aebd370ae9bd38f10d9f",""
"Kurunegala","March","06-KURUNEGALA-DISTRICT-3-Mar.pdf","pdf","https://www.acju.lk/wp-content/uploads/2025/07/06-KURUNEGALA-DISTRICT-3-Mar.pdf","https://www.acju.lk/prayer-times/",200,825785,"success","b59da3442c013b9d4908e6f063606094f4542273c130f38e73f6ab039a3a1240",""
"Kurunegala","April","06-KURUNEGALA-DISTRICT-4-Apr-scaled.jpg","jpg","https://www.acju.lk/wp-content/uploads/2025/07/06-KURUNEGALA-DISTRICT-4-Apr-scaled.jpg","https://www.acju.lk/prayer-times/",200,708879,"success","cda9df04c0f42332578dce8e622bac84a6c1af8bc9faf0d263985df3cf5ea977",""
"Kurunegala","April","06-KURUNEGALA-DISTRICT-4-Apr.pdf","pdf","https://www.acju.lk/wp-content/uploads/2025/07/06-KURUNEGALA-DISTRICT-4-Apr.pdf","https://www.acju.lk/prayer-times/",200,825523,"success","67b96070d83013df4a9b3d90c11560975658e095b653b55ebd8859fca84a072a",""
"Kurunegala","May","06-KURUNEGALA-DISTRICT-5-May-scaled.jpg","jpg","https://www.acju.lk/wp-content/uploads/2025/07/06-KURUNEGALA-DISTRICT-5-May-scaled.jpg","https://www.acju.lk/prayer-times/",200,717807,"success","1a929f0544a08e9fc25773980f8968a7203173ce05486f3f945b630eaa412ffa",""
"Kurunegala","May","06-KURUNEGALA-DISTRICT-5-May.pdf","pdf","https://www.acju.lk/wp-content/uploads/2025/07/06-KURUNEGALA-DISTRICT-5-May.pdf","https://www.acju.lk/prayer-times/",200,825590,"success","6ab9f70e2f014649e40b30367ada25ad38aaea2b98b61eacc9a3f624cc2c08c4",""
"Kurunegala","June","06-KURUNEGALA-DISTRICT-6-June-scaled.jpg","jpg","https://www.acju.lk/wp-content/uploads/2025/07/06-KURUNEGALA-DISTRICT-6-June-scaled.jpg","https://www.acju.lk/prayer-times/",200,706012,"success","5f4cb2b9ee18ef59657ce535c4fc45c7a8dbfd22c6e41e9760def4f8d336709c",""
"Kurunegala","June","06-KURUNEGALA-DISTRICT-6-June.pdf","pdf","https://www.acju.lk/wp-content/uploads/2025/07/06-KURUNEGALA-DISTRICT-6-June.pdf","https://www.acju.lk/prayer-times/",200,400055,"success","76fb6271c5d74848b86a9364db0086f59177226f6365e4ca9d1c71636d466914",""
"Kurunegala","July","06-KURUNEGALA-DISTRICT-7-July-scaled.jpg","jpg","https://www.acju.lk/wp-content/uploads/2025/07/06-KURUNEGALA-DISTRICT-7-July-scaled.jpg","https://www.acju.lk/prayer-times/",200,708999,"success","5b24cc0ed2b2fabd791d572912c5b50c02edbd7b4a86a8e8f2499bca32877e30",""
"Kurunegala","July","06-KURUNEGALA-DISTRICT-7-July.pdf","pdf","https://www.acju.lk/wp-content/uploads/2025/07/06-KURUNEGALA-DISTRICT-7-July.pdf","https://www.acju.lk/prayer-times/",200,291923,"success","837c1c3ae965d3a2778130c0fe9ff1723ab8b993c05bf216cf54281edf39801c",""
"Kurunegala","August","06-KURUNEGALA-DISTRICT-8-Aug-scaled.jpg","jpg","https://www.acju.lk/wp-content/uploads/2025/07/06-KURUNEGALA-DISTRICT-8-Aug-scaled.jpg","https://www.acju.lk/prayer-times/",200,718494,"success","eabee1e9698679eaeb81751cb8d5c7fd82f0b7e2f3d77d1a047055331eeac9c7",""
"Kurunegala","August","06-KURUNEGALA-DISTRICT-8-Aug.pdf","pdf","https://www.acju.lk/wp-content/uploads/2025/07/06-KURUNEGALA-DISTRICT-8-Aug.pdf","https://www.acju.lk/prayer-times/",200,826011,"success","ffc4db565e673d2afaa41df4b822da3b6b9a1a8f4cd25396037f8b2c912a4c9a",""
"Kurunegala","September","06-KURUNEGALA-DISTRICT-9-Sep-scaled.jpg","jpg","https://www.acju.lk/wp-content/uploads/2025/07/06-KURUNEGALA-DISTRICT-9-Sep-scaled.jpg","https://www.acju.lk/prayer-times/",200,712603,"success","4207e0129a12de8225115728de9033d6fee05be6e599bb713301c0c7aa74bde1",""
"Kurunegala","September","06-KURUNEGALA-DISTRICT-9-Sep.pdf","pdf","https://www.acju.lk/wp-content/uploads/2025/07/06-KURUNEGALA-DISTRICT-9-Sep.pdf","https://www.acju.lk/prayer-times/",200,825813,"success","ed0fb304145eef4f892562b715fa219ead5189dee3a18ba8fceda81f138cc809",""
"Kurunegala","October","06-KURUNEGALA-DISTRICT-10-Oct-scaled.jpg","jpg","https://www.acju.lk/wp-content/uploads/2025/07/06-KURUNEGALA-DISTRICT-10-Oct-scaled.jpg","https://www.acju.lk/prayer-times/",200,717477,"success","e14715c38f4206ac82af9da40e496c794d6541cff59f1dce27dd7f71f3eb9cff",""
"Kurunegala","October","06-KURUNEGALA-DISTRICT-10-Oct.pdf","pdf","https://www.acju.lk/wp-content/uploads/2025/07/06-KURUNEGALA-DISTRICT-10-Oct.pdf","https://www.acju.lk/prayer-times/",200,825870,"success","119f5d12bba5062cf3dce3a90cb1043fe6362aa929a0c249dd4c3d1fd178dd27",""
"Kurunegala","November","06-KURUNEGALA-DISTRICT-11-Nov-scaled.jpg","jpg","https://www.acju.lk/wp-content/uploads/2025/07/06-KURUNEGALA-DISTRICT-11-Nov-scaled.jpg","https://www.acju.lk/prayer-times/",200,712397,"success","a99f03d95364ea9aa626a0d92facda7500ad9ce5647269aa7408ea7cfd230c0f",""
"Kurunegala","November","06-KURUNEGALA-DISTRICT-11-Nov.pdf","pdf","https://www.acju.lk/wp-content/uploads/2025/07/06-KURUNEGALA-DISTRICT-11-Nov.pdf","https://www.acju.lk/prayer-times/",200,825615,"success","8a834f65739549f7c42669405efd002e7ddf3c877dfc0143869b6fd0cebee64a",""
"Kurunegala","December","06-KURUNEGALA-DISTRICT-12-Dec-scaled.jpg","jpg","https://www.acju.lk/wp-content/uploads/2025/07/06-KURUNEGALA-DISTRICT-12-Dec-scaled.jpg","https://www.acju.lk/prayer-times/",200,718448,"success","bf6ac2a235dbeba94e99e0eca72e418113f094955f872df17d52ce80f9da5acd",""
"Kurunegala","December","06-KURUNEGALA-DISTRICT-12-Dec.pdf","pdf","https://www.acju.lk/wp-content/uploads/2025/07/06-KURUNEGALA-DISTRICT-12-Dec.pdf","https://www.acju.lk/prayer-times/",200,826094,"success","e07526b991119054a24f1e8255e50200cb6e94be9c742e17fb8add7723ef5f0c",""
"Kandy_Matale_Nuwara_Eliya","January","07-KANDY-DISTRICT-MATALE-DISTRICT-NUWARA-ELIYA-DISTRICT-1-Jan-scaled.jpg","jpg","https://www.acju.lk/wp-content/uploads/2025/07/07-KANDY-DISTRICT-MATALE-DISTRICT-NUWARA-ELIYA-DISTRICT-1-Jan-scaled.jpg","https://www.acju.lk/prayer-times/",200,656014,"success","f59ae3bacd21e57482df564380dc9ae8c87d816096922ff28984da6fdf7d7302",""
"Kandy_Matale_Nuwara_Eliya","January","07-KANDY-DISTRICT-MATALE-DISTRICT-NUWARA-ELIYA-DISTRICT-1-Jan.pdf","pdf","https://www.acju.lk/wp-content/uploads/2025/07/07-KANDY-DISTRICT-MATALE-DISTRICT-NUWARA-ELIYA-DISTRICT-1-Jan.pdf","https://www.acju.lk/prayer-times/",200,826012,"success","404efca04ccce89d10820ff7a8502713d26f2e6acb84ef7c8292720d2578cb90",""
"Kandy_Matale_Nuwara_Eliya","February","07-KANDY-DISTRICT-MATALE-DISTRICT-NUWARA-ELIYA-DISTRICT-2-Feb-scaled.jpg","jpg","https://www.acju.lk/wp-content/uploads/2025/07/07-KANDY-DISTRICT-MATALE-DISTRICT-NUWARA-ELIYA-DISTRICT-2-Feb-scaled.jpg","https://www.acju.lk/prayer-times/",200,642192,"success","7b50ba7cdada9c87c7a5c0ea8d95efb0084ff3fcbf70da7f2e2fcef9ae5cc29d",""
"Kandy_Matale_Nuwara_Eliya","February","07-KANDY-DISTRICT-MATALE-DISTRICT-NUWARA-ELIYA-DISTRICT-2-Feb.pdf","pdf","https://www.acju.lk/wp-content/uploads/2025/07/07-KANDY-DISTRICT-MATALE-DISTRICT-NUWARA-ELIYA-DISTRICT-2-Feb.pdf","https://www.acju.lk/prayer-times/",200,825493,"success","c1972c61a5f1fd132091dab5114d588c050d782696e601ebec94d546a38936f0",""
"Kandy_Matale_Nuwara_Eliya","March","07-KANDY-DISTRICT-MATALE-DISTRICT-NUWARA-ELIYA-DISTRICT-3-Mar-scaled.jpg","jpg","https://www.acju.lk/wp-content/uploads/2025/07/07-KANDY-DISTRICT-MATALE-DISTRICT-NUWARA-ELIYA-DISTRICT-3-Mar-scaled.jpg","https://www.acju.lk/prayer-times/",200,655095,"success","78512802194c50b58b4a4375de3600317b0224d06a0e832fcbca624333aa5c2c",""
"Kandy_Matale_Nuwara_Eliya","March","07-KANDY-DISTRICT-MATALE-DISTRICT-NUWARA-ELIYA-DISTRICT-3-Mar.pdf","pdf","https://www.acju.lk/wp-content/uploads/2025/07/07-KANDY-DISTRICT-MATALE-DISTRICT-NUWARA-ELIYA-DISTRICT-3-Mar.pdf","https://www.acju.lk/prayer-times/",200,825907,"success","b2b55a9b979ffa95857181606c7252593f0efea6272e0f5830a6c0c00d5844ac",""
"Kandy_Matale_Nuwara_Eliya","April","07-KANDY-DISTRICT-MATALE-DISTRICT-NUWARA-ELIYA-DISTRICT-4-Apr-scaled.jpg","jpg","https://www.acju.lk/wp-content/uploads/2025/07/07-KANDY-DISTRICT-MATALE-DISTRICT-NUWARA-ELIYA-DISTRICT-4-Apr-scaled.jpg","https://www.acju.lk/prayer-times/",200,645622,"success","f764bd547d9c89d543109c7d27c3abc428f3282ce8467a2e2498f2b89b6e987e",""
"Kandy_Matale_Nuwara_Eliya","April","07-KANDY-DISTRICT-MATALE-DISTRICT-NUWARA-ELIYA-DISTRICT-4-Apr.pdf","pdf","https://www.acju.lk/wp-content/uploads/2025/07/07-KANDY-DISTRICT-MATALE-DISTRICT-NUWARA-ELIYA-DISTRICT-4-Apr.pdf","https://www.acju.lk/prayer-times/",200,825675,"success","b8fde7ec988866e336b949e0eb5ec4324ab46100f92661a8087832f55c00df9d",""
"Kandy_Matale_Nuwara_Eliya","May","07-KANDY-DISTRICT-MATALE-DISTRICT-NUWARA-ELIYA-DISTRICT-5-May.pdf","pdf","https://www.acju.lk/wp-content/uploads/2025/07/07-KANDY-DISTRICT-MATALE-DISTRICT-NUWARA-ELIYA-DISTRICT-5-May.pdf","https://www.acju.lk/prayer-times/",200,825708,"success","678de440626ec9bf2dd04a9a92315782081f78ea7c6bf7b664c8fd8202ce7da7",""
"Kandy_Matale_Nuwara_Eliya","June","07-KANDY-DISTRICT-MATALE-DISTRICT-NUWARA-ELIYA-DISTRICT-6-June-scaled.jpg","jpg","https://www.acju.lk/wp-content/uploads/2025/07/07-KANDY-DISTRICT-MATALE-DISTRICT-NUWARA-ELIYA-DISTRICT-6-June-scaled.jpg","https://www.acju.lk/prayer-times/",200,644040,"success","2acd761723a198c9d04792c92c7650395932ce9afbe44a6e01de67c5ad531703",""
"Kandy_Matale_Nuwara_Eliya","June","07-KANDY-DISTRICT-MATALE-DISTRICT-NUWARA-ELIYA-DISTRICT-6-June.pdf","pdf","https://www.acju.lk/wp-content/uploads/2025/07/07-KANDY-DISTRICT-MATALE-DISTRICT-NUWARA-ELIYA-DISTRICT-6-June.pdf","https://www.acju.lk/prayer-times/",200,400185,"success","26bd374fa84ecd6780c946d8d86df59e47dc527725d97196a1717002c94cf855",""
"Kandy_Matale_Nuwara_Eliya","July","07-KANDY-DISTRICT-MATALE-DISTRICT-NUWARA-ELIYA-DISTRICT-7-July-scaled.jpg","jpg","https://www.acju.lk/wp-content/uploads/2025/07/07-KANDY-DISTRICT-MATALE-DISTRICT-NUWARA-ELIYA-DISTRICT-7-July-scaled.jpg","https://www.acju.lk/prayer-times/",200,652928,"success","d0605d89d6032d2568e7652d390936e5d529f06a0db9185a995adcb5b8517845",""
"Kandy_Matale_Nuwara_Eliya","July","07-KANDY-DISTRICT-MATALE-DISTRICT-NUWARA-ELIYA-DISTRICT-7-July.pdf","pdf","https://www.acju.lk/wp-content/uploads/2025/07/07-KANDY-DISTRICT-MATALE-DISTRICT-NUWARA-ELIYA-DISTRICT-7-July.pdf","https://www.acju.lk/prayer-times/",200,825542,"success","6149883fe30bb88918e1f0ebb9c6667f45bfc8bcad875c363af2fcdbe43cffe0",""
"Kandy_Matale_Nuwara_Eliya","August","07-KANDY-DISTRICT-MATALE-DISTRICT-NUWARA-ELIYA-DISTRICT-8-Aug-scaled.jpg","jpg","https://www.acju.lk/wp-content/uploads/2025/07/07-KANDY-DISTRICT-MATALE-DISTRICT-NUWARA-ELIYA-DISTRICT-8-Aug-scaled.jpg","https://www.acju.lk/prayer-times/",200,655382,"success","6cf1e86ee74f79082fb47a7d34f72c0e1b8976fff4b527ace39b4657c4e45539",""
"Kandy_Matale_Nuwara_Eliya","August","07-KANDY-DISTRICT-MATALE-DISTRICT-NUWARA-ELIYA-DISTRICT-8-Aug.pdf","pdf","https://www.acju.lk/wp-content/uploads/2025/07/07-KANDY-DISTRICT-MATALE-DISTRICT-NUWARA-ELIYA-DISTRICT-8-Aug.pdf","https://www.acju.lk/prayer-times/",200,826146,"success","58d829ac03ae57f9e9d55ac21f82881e306cba1dcea9b0b64a75d6985d4155cb",""
"Kandy_Matale_Nuwara_Eliya","September","07-KANDY-DISTRICT-MATALE-DISTRICT-NUWARA-ELIYA-DISTRICT-9-Sep-scaled.jpg","jpg","https://www.acju.lk/wp-content/uploads/2025/07/07-KANDY-DISTRICT-MATALE-DISTRICT-NUWARA-ELIYA-DISTRICT-9-Sep-scaled.jpg","https://www.acju.lk/prayer-times/",200,650123,"success","b8659658f6895235a6382fdce89f180f94264a902db3d4361ae9590320194c61",""
"Kandy_Matale_Nuwara_Eliya","September","07-KANDY-DISTRICT-MATALE-DISTRICT-NUWARA-ELIYA-DISTRICT-9-Sep.pdf","pdf","https://www.acju.lk/wp-content/uploads/2025/07/07-KANDY-DISTRICT-MATALE-DISTRICT-NUWARA-ELIYA-DISTRICT-9-Sep.pdf","https://www.acju.lk/prayer-times/",200,825989,"success","fc4d1f06a551bdffbd237d3965e65def193af24aa58dc9a4ef4bccf36fe9396d",""
"Kandy_Matale_Nuwara_Eliya","October","07-KANDY-DISTRICT-MATALE-DISTRICT-NUWARA-ELIYA-DISTRICT-10-Oct-scaled.jpg","jpg","https://www.acju.lk/wp-content/uploads/2025/07/07-KANDY-DISTRICT-MATALE-DISTRICT-NUWARA-ELIYA-DISTRICT-10-Oct-scaled.jpg","https://www.acju.lk/prayer-times/",200,654610,"success","e11230b248d269aa6bf5f38f51088fa5f3b3ed728c001b04d04fac3753a8b45e",""
"Kandy_Matale_Nuwara_Eliya","October","07-KANDY-DISTRICT-MATALE-DISTRICT-NUWARA-ELIYA-DISTRICT-10-Oct.pdf","pdf","https://www.acju.lk/wp-content/uploads/2025/07/07-KANDY-DISTRICT-MATALE-DISTRICT-NUWARA-ELIYA-DISTRICT-10-Oct.pdf","https://www.acju.lk/prayer-times/",200,826034,"success","9b4f2cc90afd4861057c7cf97457e9030354069a095a37b758e69683841b4fab",""
"Kandy_Matale_Nuwara_Eliya","November","07-KANDY-DISTRICT-MATALE-DISTRICT-NUWARA-ELIYA-DISTRICT-11-Nov-scaled.jpg","jpg","https://www.acju.lk/wp-content/uploads/2025/07/07-KANDY-DISTRICT-MATALE-DISTRICT-NUWARA-ELIYA-DISTRICT-11-Nov-scaled.jpg","https://www.acju.lk/prayer-times/",200,648447,"success","c108a78c8836b27feba2f2a4c0e41653b8e004cc4ee7e8310bd83c72cda2ae81",""
"Kandy_Matale_Nuwara_Eliya","November","07-KANDY-DISTRICT-MATALE-DISTRICT-NUWARA-ELIYA-DISTRICT-11-Nov.pdf","pdf","https://www.acju.lk/wp-content/uploads/2025/07/07-KANDY-DISTRICT-MATALE-DISTRICT-NUWARA-ELIYA-DISTRICT-11-Nov.pdf","https://www.acju.lk/prayer-times/",200,825762,"success","6876e0e14013392e9ff20eb85d1b9253895bf39b93abbaf0855e034f796080d0",""
"Kandy_Matale_Nuwara_Eliya","December","07-KANDY-DISTRICT-MATALE-DISTRICT-NUWARA-ELIYA-DISTRICT-12-Dec-scaled.jpg","jpg","https://www.acju.lk/wp-content/uploads/2025/07/07-KANDY-DISTRICT-MATALE-DISTRICT-NUWARA-ELIYA-DISTRICT-12-Dec-scaled.jpg","https://www.acju.lk/prayer-times/",200,657580,"success","352f0e97cec7efcef1fbd30f2ea958e9c2a4863693d6d055852588f0e0e52011",""
"Kandy_Matale_Nuwara_Eliya","December","07-KANDY-DISTRICT-MATALE-DISTRICT-NUWARA-ELIYA-DISTRICT-12-Dec.pdf","pdf","https://www.acju.lk/wp-content/uploads/2025/07/07-KANDY-DISTRICT-MATALE-DISTRICT-NUWARA-ELIYA-DISTRICT-12-Dec.pdf","https://www.acju.lk/prayer-times/",200,826280,"success","ff93a789feb646b664ba6e72ac4c400dd287bd6af0240b4f72caf710a21c8607",""
"Batticaloa_Ampara","January","08-BATTICALOA-DISTRICT-AMPARA-DISTRICT-1-Jan-scaled.jpg","jpg","https://www.acju.lk/wp-content/uploads/2025/07/08-BATTICALOA-DISTRICT-AMPARA-DISTRICT-1-Jan-scaled.jpg","https://www.acju.lk/prayer-times/",200,688721,"success","7d5e4907dc97b4292db8d707190a58c23762abe5e544475b7b920987329ea9df",""
"Batticaloa_Ampara","January","08-BATTICALOA-DISTRICT-AMPARA-DISTRICT-1-Jan.pdf","pdf","https://www.acju.lk/wp-content/uploads/2025/07/08-BATTICALOA-DISTRICT-AMPARA-DISTRICT-1-Jan.pdf","https://www.acju.lk/prayer-times/",200,825920,"success","cbe0997a66f0a9f0b20da664674d5c99af2ca17361bfe832c511ad29ea16fe56",""
"Batticaloa_Ampara","February","08-BATTICALOA-DISTRICT-AMPARA-DISTRICT-2-Feb-scaled.jpg","jpg","https://www.acju.lk/wp-content/uploads/2025/07/08-BATTICALOA-DISTRICT-AMPARA-DISTRICT-2-Feb-scaled.jpg","https://www.acju.lk/prayer-times/",200,676041,"success","bf13cd9ab7a337e5bd01a8128df8484948de64be0cb3e660022656e2fe5ef4e3",""
"Batticaloa_Ampara","February","08-BATTICALOA-DISTRICT-AMPARA-DISTRICT-2-Feb.pdf","pdf","https://www.acju.lk/wp-content/uploads/2025/07/08-BATTICALOA-DISTRICT-AMPARA-DISTRICT-2-Feb.pdf","https://www.acju.lk/prayer-times/",200,825405,"success","d9cec1c525a35d3a8f6e800caec01f4828fdc9e6555a6e74dee74da6b5a3962e",""
"Batticaloa_Ampara","March","08-BATTICALOA-DISTRICT-AMPARA-DISTRICT-3-Mar-scaled.jpg","jpg","https://www.acju.lk/wp-content/uploads/2025/07/08-BATTICALOA-DISTRICT-AMPARA-DISTRICT-3-Mar-scaled.jpg","https://www.acju.lk/prayer-times/",200,688481,"success","e72356397f3294119800d51fb4b6a4c90d4da033cd52222839380f4161e6b2e1",""
"Batticaloa_Ampara","March","08-BATTICALOA-DISTRICT-AMPARA-DISTRICT-3-Mar.pdf","pdf","https://www.acju.lk/wp-content/uploads/2025/07/08-BATTICALOA-DISTRICT-AMPARA-DISTRICT-3-Mar.pdf","https://www.acju.lk/prayer-times/",200,825865,"success","467e1e2eb2da0bc76b31b9136489358fb133e14832190ccd5bcb4426433d3f14",""
"Batticaloa_Ampara","April","08-BATTICALOA-DISTRICT-AMPARA-DISTRICT-4-Apr-scaled.jpg","jpg","https://www.acju.lk/wp-content/uploads/2025/07/08-BATTICALOA-DISTRICT-AMPARA-DISTRICT-4-Apr-scaled.jpg","https://www.acju.lk/prayer-times/",200,679166,"success","328c225e1907ac560ff1ab813c80d3f59508100beacf724624cd8cd9ceb082c9",""
"Batticaloa_Ampara","April","08-BATTICALOA-DISTRICT-AMPARA-DISTRICT-4-Apr.pdf","pdf","https://www.acju.lk/wp-content/uploads/2025/07/08-BATTICALOA-DISTRICT-AMPARA-DISTRICT-4-Apr.pdf","https://www.acju.lk/prayer-times/",200,825568,"success","569e404085502e01715fa4b3279d6d78c0870ee277f1880ccf816eb8e8de366f",""
"Batticaloa_Ampara","May","08-BATTICALOA-DISTRICT-AMPARA-DISTRICT-5-May-scaled.jpg","jpg","https://www.acju.lk/wp-content/uploads/2025/07/08-BATTICALOA-DISTRICT-AMPARA-DISTRICT-5-May-scaled.jpg","https://www.acju.lk/prayer-times/",200,691412,"success","70e8ab2706949eff3f39563c1c3d30e1f538405bac54908f9db26fb554581f26",""
"Batticaloa_Ampara","May","08-BATTICALOA-DISTRICT-AMPARA-DISTRICT-5-May.pdf","pdf","https://www.acju.lk/wp-content/uploads/2025/07/08-BATTICALOA-DISTRICT-AMPARA-DISTRICT-5-May.pdf","https://www.acju.lk/prayer-times/",200,825632,"success","0528230faf187f71ddfb2e5c8601352d6b43a02811b561a301ef13f18d8445fc",""
"Batticaloa_Ampara","June","08-BATTICALOA-DISTRICT-AMPARA-DISTRICT-6-June-scaled.jpg","jpg","https://www.acju.lk/wp-content/uploads/2025/07/08-BATTICALOA-DISTRICT-AMPARA-DISTRICT-6-June-scaled.jpg","https://www.acju.lk/prayer-times/",200,678260,"success","91e5ac34bf61e1adb745f9cd2e95d2cbaec9d50d76892a7968461f158e6882d5",""
"Batticaloa_Ampara","June","08-BATTICALOA-DISTRICT-AMPARA-DISTRICT-6-June.pdf","pdf","https://www.acju.lk/wp-content/uploads/2025/07/08-BATTICALOA-DISTRICT-AMPARA-DISTRICT-6-June.pdf","https://www.acju.lk/prayer-times/",200,400140,"success","d6fd8198402be20ed4e92381ac7363cf918e4770c14b8243368f1489de3b0e74",""
"Batticaloa_Ampara","July","08-BATTICALOA-DISTRICT-AMPARA-DISTRICT-7-July-scaled.jpg","jpg","https://www.acju.lk/wp-content/uploads/2025/07/08-BATTICALOA-DISTRICT-AMPARA-DISTRICT-7-July-scaled.jpg","https://www.acju.lk/prayer-times/",200,681862,"success","d06100de47030c7626a537421e4ecf1a378821e27c899d3da5d0f9400b460f2a",""
"Batticaloa_Ampara","July","08-BATTICALOA-DISTRICT-AMPARA-DISTRICT-7-July.pdf","pdf","https://www.acju.lk/wp-content/uploads/2025/07/08-BATTICALOA-DISTRICT-AMPARA-DISTRICT-7-July.pdf","https://www.acju.lk/prayer-times/",200,825556,"success","0959ec03f1f476de7dc6b4028f0bb3798a0dc4f65a6f0734e1ac01c703efcf14",""
"Batticaloa_Ampara","August","08-BATTICALOA-DISTRICT-AMPARA-DISTRICT-8-Aug-scaled.jpg","jpg","https://www.acju.lk/wp-content/uploads/2025/07/08-BATTICALOA-DISTRICT-AMPARA-DISTRICT-8-Aug-scaled.jpg","https://www.acju.lk/prayer-times/",200,693114,"success","2b32036d65f9705031419d64ecd72192c163b921e73100d6f2b7b532bdd492eb",""
"Batticaloa_Ampara","August","08-BATTICALOA-DISTRICT-AMPARA-DISTRICT-8-Aug.pdf","pdf","https://www.acju.lk/wp-content/uploads/2025/07/08-BATTICALOA-DISTRICT-AMPARA-DISTRICT-8-Aug.pdf","https://www.acju.lk/prayer-times/",200,826104,"success","81026a2c63443e0f02e6897304d96e1e576a87cfa3573a4993f3f8f7492a3bb8",""
"Batticaloa_Ampara","September","08-BATTICALOA-DISTRICT-AMPARA-DISTRICT-9-Sep-scaled.jpg","jpg","https://www.acju.lk/wp-content/uploads/2025/07/08-BATTICALOA-DISTRICT-AMPARA-DISTRICT-9-Sep-scaled.jpg","https://www.acju.lk/prayer-times/",200,685281,"success","925df12afcb581480e8f7c7d323b42e952bca24a717e954d24fb3a1f3007f349",""
"Batticaloa_Ampara","September","08-BATTICALOA-DISTRICT-AMPARA-DISTRICT-9-Sep.pdf","pdf","https://www.acju.lk/wp-content/uploads/2025/07/08-BATTICALOA-DISTRICT-AMPARA-DISTRICT-9-Sep.pdf","https://www.acju.lk/prayer-times/",200,758726,"success","36c692b72c21c6ff569660a7e8c6feb963f5b98f96f0deb28084c9c1082ebf90",""
"Batticaloa_Ampara","October","08-BATTICALOA-DISTRICT-AMPARA-DISTRICT-10-Oct-scaled.jpg","jpg","https://www.acju.lk/wp-content/uploads/2025/07/08-BATTICALOA-DISTRICT-AMPARA-DISTRICT-10-Oct-scaled.jpg","https://www.acju.lk/prayer-times/",200,689484,"success","5862b6e904fd9b74a10e24fb9488c7cf52ef9234fddbd0f47e923d09fa404ca1",""
"Batticaloa_Ampara","October","08-BATTICALOA-DISTRICT-AMPARA-DISTRICT-10-Oct.pdf","pdf","https://www.acju.lk/wp-content/uploads/2025/07/08-BATTICALOA-DISTRICT-AMPARA-DISTRICT-10-Oct.pdf","https://www.acju.lk/prayer-times/",200,825983,"success","77f6418a2da8dfe7d59f2e875100184889c55b2e2c43634606aeae2583651c90",""
"Batticaloa_Ampara","November","08-BATTICALOA-DISTRICT-AMPARA-DISTRICT-11-Nov-scaled.jpg","jpg","https://www.acju.lk/wp-content/uploads/2025/07/08-BATTICALOA-DISTRICT-AMPARA-DISTRICT-11-Nov-scaled.jpg","https://www.acju.lk/prayer-times/",200,679750,"success","123696c20d7638eabd8c3f9c50b89cad08549ad754c904b844aedb6027226527",""
"Batticaloa_Ampara","November","08-BATTICALOA-DISTRICT-AMPARA-DISTRICT-11-Nov.pdf","pdf","https://www.acju.lk/wp-content/uploads/2025/07/08-BATTICALOA-DISTRICT-AMPARA-DISTRICT-11-Nov.pdf","https://www.acju.lk/prayer-times/",200,825644,"success","a2793e28e8262bca19d295cb0557fcfcc37ba2b9bb0e0ae1ddd10f081667f9b8",""
"Batticaloa_Ampara","December","08-BATTICALOA-DISTRICT-AMPARA-DISTRICT-12-Dec-scaled.jpg","jpg","https://www.acju.lk/wp-content/uploads/2025/07/08-BATTICALOA-DISTRICT-AMPARA-DISTRICT-12-Dec-scaled.jpg","https://www.acju.lk/prayer-times/",200,691686,"success","5f32d7e5dc5b126945e33e6189810295b062e7c464a1e0b1a04a40b95b4fed2e",""
"Batticaloa_Ampara","December","08-BATTICALOA-DISTRICT-AMPARA-DISTRICT-12-Dec.pdf","pdf","https://www.acju.lk/wp-content/uploads/2025/07/08-BATTICALOA-DISTRICT-AMPARA-DISTRICT-12-Dec.pdf","https://www.acju.lk/prayer-times/",200,826229,"success","f8863fa2f6dca20618b575f2f814146d8e14d983ceca808e334ec530757c5f01",""
"Trincomalee","January","09-TRINCOMALEE-DISTRICT-1-Jan-scaled.jpg","jpg","https://www.acju.lk/wp-content/uploads/2025/07/09-TRINCOMALEE-DISTRICT-1-Jan-scaled.jpg","https://www.acju.lk/prayer-times/",200,658132,"success","b1defce55e3d7e432b1cad1cd7ce162e6a015bd82dcf204918be5bcdb32d6eb1",""
"Trincomalee","January","09-TRINCOMALEE-DISTRICT-1-Jan.pdf","pdf","https://www.acju.lk/wp-content/uploads/2025/07/09-TRINCOMALEE-DISTRICT-1-Jan.pdf","https://www.acju.lk/prayer-times/",200,825687,"success","260ae919e7a8e1d43d70c894ef6563f2e67b42d42c714dd6ef4f82dcc01725a4",""
"Trincomalee","February","09-TRINCOMALEE-DISTRICT-2-Feb-scaled.jpg","jpg","https://www.acju.lk/wp-content/uploads/2025/07/09-TRINCOMALEE-DISTRICT-2-Feb-scaled.jpg","https://www.acju.lk/prayer-times/",200,638312,"success","cc7689b11a07d71a5fb50a725ba0f8303f75ece6e72c5207b7adb2dbe5b0bd9e",""
"Trincomalee","February","09-TRINCOMALEE-DISTRICT-2-Feb.pdf","pdf","https://www.acju.lk/wp-content/uploads/2025/07/09-TRINCOMALEE-DISTRICT-2-Feb.pdf","https://www.acju.lk/prayer-times/",200,825287,"success","a47ed5ecc94ad2c63cb7f53dcff2cac76852ddc0e87eb242ff51a55e356a4e58",""
"Trincomalee","March","09-TRINCOMALEE-DISTRICT-3-Mar-scaled.jpg","jpg","https://www.acju.lk/wp-content/uploads/2025/07/09-TRINCOMALEE-DISTRICT-3-Mar-scaled.jpg","https://www.acju.lk/prayer-times/",200,657729,"success","50d1dc2abfe6b1d8fd54c3a0c4a483c574119303dc09eb701ef9bd3e22841b8d",""
"Trincomalee","March","09-TRINCOMALEE-DISTRICT-3-Mar.pdf","pdf","https://www.acju.lk/wp-content/uploads/2025/07/09-TRINCOMALEE-DISTRICT-3-Mar.pdf","https://www.acju.lk/prayer-times/",200,825585,"success","5abb7f3d1e29e49b7c39c62cb4da4bfba74e806266a2d2c73073bc0b43b7a8c9",""
"Trincomalee","April","09-TRINCOMALEE-DISTRICT-4-Apr-scaled.jpg","jpg","https://www.acju.lk/wp-content/uploads/2025/07/09-TRINCOMALEE-DISTRICT-4-Apr-scaled.jpg","https://www.acju.lk/prayer-times/",200,641544,"success","e6a44bd02516819b6c1a3d5c8b5e5ba5ba8a7db448b3532261a0b46503f0567f",""
"Trincomalee","April","09-TRINCOMALEE-DISTRICT-4-Apr.pdf","pdf","https://www.acju.lk/wp-content/uploads/2025/07/09-TRINCOMALEE-DISTRICT-4-Apr.pdf","https://www.acju.lk/prayer-times/",200,825456,"success","8626d3bb3584c4c03caba77c4ee8dea04b1cb0fdf91966b19bdcee73a1ff1c14",""
"Trincomalee","May","09-TRINCOMALEE-DISTRICT-5-May-scaled.jpg","jpg","https://www.acju.lk/wp-content/uploads/2025/07/09-TRINCOMALEE-DISTRICT-5-May-scaled.jpg","https://www.acju.lk/prayer-times/",200,663688,"success","af7f199a038fb2c2aba6ff7db2433b47035d12f5982a08089cb3252d6e3fc4a9",""
"Trincomalee","May","09-TRINCOMALEE-DISTRICT-5-May.pdf","pdf","https://www.acju.lk/wp-content/uploads/2025/07/09-TRINCOMALEE-DISTRICT-5-May.pdf","https://www.acju.lk/prayer-times/",200,825481,"success","91eaccbcbb1a38dce59c6d94d85a318cdeff56764534dc9d67c43c47e68a3e44",""
"Trincomalee","June","09-TRINCOMALEE-DISTRICT-6-June-scaled.jpg","jpg","https://www.acju.lk/wp-content/uploads/2025/07/09-TRINCOMALEE-DISTRICT-6-June-scaled.jpg","https://www.acju.lk/prayer-times/",200,642447,"success","1fb2d39c3110e04b71b1e69401c2258f62c79afc96db2e65d3ca8da6305f868a",""
"Trincomalee","June","09-TRINCOMALEE-DISTRICT-6-June.pdf","pdf","https://www.acju.lk/wp-content/uploads/2025/07/09-TRINCOMALEE-DISTRICT-6-June.pdf","https://www.acju.lk/prayer-times/",200,399927,"success","8ed15bc2bfe2978571e1592a57864e283447b7e9599e1ae6fe7215212e2a3fa5",""
"Trincomalee","July","09-TRINCOMALEE-DISTRICT-7-July-scaled.jpg","jpg","https://www.acju.lk/wp-content/uploads/2025/07/09-TRINCOMALEE-DISTRICT-7-July-scaled.jpg","https://www.acju.lk/prayer-times/",200,651900,"success","db2342aaeb06e53ddede9c9207254ae3768f9532e59301c354effaa0850f7190",""
"Trincomalee","July","09-TRINCOMALEE-DISTRICT-7-July.pdf","pdf","https://www.acju.lk/wp-content/uploads/2025/07/09-TRINCOMALEE-DISTRICT-7-July.pdf","https://www.acju.lk/prayer-times/",200,825320,"success","e08dfef6aeb86c2d64cf6045c7337fdb2ef0499869c8f712bc006c78940b6c33",""
"Trincomalee","August","09-TRINCOMALEE-DISTRICT-8-Aug-scaled.jpg","jpg","https://www.acju.lk/wp-content/uploads/2025/07/09-TRINCOMALEE-DISTRICT-8-Aug-scaled.jpg","https://www.acju.lk/prayer-times/",200,661710,"success","a9f95e1f535b5b587e4273996379864780bc363c8053e8bd840d62050e284dce",""
"Trincomalee","August","09-TRINCOMALEE-DISTRICT-8-Aug.pdf","pdf","https://www.acju.lk/wp-content/uploads/2025/07/09-TRINCOMALEE-DISTRICT-8-Aug.pdf","https://www.acju.lk/prayer-times/",200,825933,"success","12d1a29af1524459cce0bc1a705c8dc1480123fddaf2029d3441fbe63edb82a2",""
"Trincomalee","September","09-TRINCOMALEE-DISTRICT-9-Sep-scaled.jpg","jpg","https://www.acju.lk/wp-content/uploads/2025/07/09-TRINCOMALEE-DISTRICT-9-Sep-scaled.jpg","https://www.acju.lk/prayer-times/",200,648874,"success","075d68168ede9eb720fa2a6a417a216815a289e3da3304a3597e2cb9c2d4e35b",""
"Trincomalee","September","09-TRINCOMALEE-DISTRICT-9-Sep.pdf","pdf","https://www.acju.lk/wp-content/uploads/2025/07/09-TRINCOMALEE-DISTRICT-9-Sep.pdf","https://www.acju.lk/prayer-times/",200,262556,"success","79123b139abe9e57706cddb05a2e89c2e1172ed95e208074fc081190b98d85d7",""
"Trincomalee","October","09-TRINCOMALEE-DISTRICT-10-Oct-scaled.jpg","jpg","https://www.acju.lk/wp-content/uploads/2025/07/09-TRINCOMALEE-DISTRICT-10-Oct-scaled.jpg","https://www.acju.lk/prayer-times/",200,655946,"success","efa98c745ac1ec8b73c60aa75732719b0fe63bc095113ca34c3abfb4a40ff228",""
"Trincomalee","October","09-TRINCOMALEE-DISTRICT-10-Oct.pdf","pdf","https://www.acju.lk/wp-content/uploads/2025/07/09-TRINCOMALEE-DISTRICT-10-Oct.pdf","https://www.acju.lk/prayer-times/",200,825742,"success","3c1e2e1d096eaf38fd5f2b355a8abfb87a0f1a1f957593d38a8c03f0d0a1f656",""
"Trincomalee","November","09-TRINCOMALEE-DISTRICT-11-Nov-scaled.jpg","jpg","https://www.acju.lk/wp-content/uploads/2025/07/09-TRINCOMALEE-DISTRICT-11-Nov-scaled.jpg","https://www.acju.lk/prayer-times/",200,646352,"success","9d164a2607a1a07709616dd4d1f90d86db8df1fb958fe77b594c9117a462f454",""
"Trincomalee","November","09-TRINCOMALEE-DISTRICT-11-Nov.pdf","pdf","https://www.acju.lk/wp-content/uploads/2025/07/09-TRINCOMALEE-DISTRICT-11-Nov.pdf","https://www.acju.lk/prayer-times/",200,825497,"success","a6b502ee7dd4f10f782cd44a40c9590e20f36b052b52dbb406c2a4550fabb273",""
"Trincomalee","December","09-TRINCOMALEE-DISTRICT-12-Dec-scaled.jpg","jpg","https://www.acju.lk/wp-content/uploads/2025/07/09-TRINCOMALEE-DISTRICT-12-Dec-scaled.jpg","https://www.acju.lk/prayer-times/",200,659907,"success","316d7c7608f9457ce0c54b884d3ccbbbdd51b897d53cb5e93cfcffd64049f290",""
"Trincomalee","December","09-TRINCOMALEE-DISTRICT-12-Dec.pdf","pdf","https://www.acju.lk/wp-content/uploads/2025/07/09-TRINCOMALEE-DISTRICT-12-Dec.pdf","https://www.acju.lk/prayer-times/",200,256161,"success","72dcf055b6a5220e69bab6b1cd2d22ae3250bba21d087f5700d50cad7ee80c5a",""
"Badulla_Monaragala_Padiyatalawa_Dehiaththakandiya","January","10-BADULLA-DISTRICT-MONARAGALA-DISTRICT-PADIYATALAWA-DEHIATHTHAKANDIYA.-1-Jan-scaled.jpg","jpg","https://www.acju.lk/wp-content/uploads/2025/07/10-BADULLA-DISTRICT-MONARAGALA-DISTRICT-PADIYATALAWA-DEHIATHTHAKANDIYA.-1-Jan-scaled.jpg","https://www.acju.lk/prayer-times/",200,650670,"success","2574b1ba6615463afc3cc5f841064e7fc66581636ff5daa2b3bca655317b54a5",""
"Badulla_Monaragala_Padiyatalawa_Dehiaththakandiya","January","10-BADULLA-DISTRICT-MONARAGALA-DISTRICT-PADIYATALAWA-DEHIATHTHAKANDIYA.-1-Jan.pdf","pdf","https://www.acju.lk/wp-content/uploads/2025/07/10-BADULLA-DISTRICT-MONARAGALA-DISTRICT-PADIYATALAWA-DEHIATHTHAKANDIYA.-1-Jan.pdf","https://www.acju.lk/prayer-times/",200,463918,"success","21410b290bc31052faa0f79ca604ccd8f02d6927af0ab37aeff4dec1de748dec",""
"Badulla_Monaragala_Padiyatalawa_Dehiaththakandiya","February","10-BADULLA-DISTRICT-MONARAGALA-DISTRICT-PADIYATALAWA-DEHIATHTHAKANDIYA.-2-Feb-scaled.jpg","jpg","https://www.acju.lk/wp-content/uploads/2025/07/10-BADULLA-DISTRICT-MONARAGALA-DISTRICT-PADIYATALAWA-DEHIATHTHAKANDIYA.-2-Feb-scaled.jpg","https://www.acju.lk/prayer-times/",200,637346,"success","3c4d5555e4bbba6d3a7881ad7d9552a3f16982a5d4c1bca24530338008d7519a",""
"Badulla_Monaragala_Padiyatalawa_Dehiaththakandiya","February","10-BADULLA-DISTRICT-MONARAGALA-DISTRICT-PADIYATALAWA-DEHIATHTHAKANDIYA.-2-Feb.pdf","pdf","https://www.acju.lk/wp-content/uploads/2025/07/10-BADULLA-DISTRICT-MONARAGALA-DISTRICT-PADIYATALAWA-DEHIATHTHAKANDIYA.-2-Feb.pdf","https://www.acju.lk/prayer-times/",200,461792,"success","091c5c89d5ec193bb376c9e171ca2e8a47ff81a3d6a67fd4977e389655a86a64",""
"Badulla_Monaragala_Padiyatalawa_Dehiaththakandiya","March","10-BADULLA-DISTRICT-MONARAGALA-DISTRICT-PADIYATALAWA-DEHIATHTHAKANDIYA.-3-Mar-scaled.jpg","jpg","https://www.acju.lk/wp-content/uploads/2025/07/10-BADULLA-DISTRICT-MONARAGALA-DISTRICT-PADIYATALAWA-DEHIATHTHAKANDIYA.-3-Mar-scaled.jpg","https://www.acju.lk/prayer-times/",200,649863,"success","84609c1440fea7e05ac917a1f618ebb71e3100d056c99e853535fa87687b0500",""
"Badulla_Monaragala_Padiyatalawa_Dehiaththakandiya","March","10-BADULLA-DISTRICT-MONARAGALA-DISTRICT-PADIYATALAWA-DEHIATHTHAKANDIYA.-3-Mar.pdf","pdf","https://www.acju.lk/wp-content/uploads/2025/07/10-BADULLA-DISTRICT-MONARAGALA-DISTRICT-PADIYATALAWA-DEHIATHTHAKANDIYA.-3-Mar.pdf","https://www.acju.lk/prayer-times/",200,463939,"success","39eb5ffde471e28d660af95cbb564c3821fbd89b556da809594309bac58510b3",""
"Badulla_Monaragala_Padiyatalawa_Dehiaththakandiya","April","10-BADULLA-DISTRICT-MONARAGALA-DISTRICT-PADIYATALAWA-DEHIATHTHAKANDIYA.-4-Apr-scaled.jpg","jpg","https://www.acju.lk/wp-content/uploads/2025/07/10-BADULLA-DISTRICT-MONARAGALA-DISTRICT-PADIYATALAWA-DEHIATHTHAKANDIYA.-4-Apr-scaled.jpg","https://www.acju.lk/prayer-times/",200,643905,"success","5b5474113dc225beadefe4b09669992f396448b8d3707f9367c1be83b247fd2e",""
"Badulla_Monaragala_Padiyatalawa_Dehiaththakandiya","April","10-BADULLA-DISTRICT-MONARAGALA-DISTRICT-PADIYATALAWA-DEHIATHTHAKANDIYA.-4-Apr.pdf","pdf","https://www.acju.lk/wp-content/uploads/2025/07/10-BADULLA-DISTRICT-MONARAGALA-DISTRICT-PADIYATALAWA-DEHIATHTHAKANDIYA.-4-Apr.pdf","https://www.acju.lk/prayer-times/",200,462900,"success","3d72537e9c94697bbeb8376f9620feb11e52857c9e284eda9db47446238ac4e9",""
"Badulla_Monaragala_Padiyatalawa_Dehiaththakandiya","June","10-BADULLA-DISTRICT-MONARAGALA-DISTRICT-PADIYATALAWA-DEHIATHTHAKANDIYA.-6-June-scaled.jpg","jpg","https://www.acju.lk/wp-content/uploads/2025/07/10-BADULLA-DISTRICT-MONARAGALA-DISTRICT-PADIYATALAWA-DEHIATHTHAKANDIYA.-6-June-scaled.jpg","https://www.acju.lk/prayer-times/",200,642383,"success","a1510cbaf3ce507de6dfed7be2ddfa75e725696a46d40c30e68c95d99f9b4867",""
"Badulla_Monaragala_Padiyatalawa_Dehiaththakandiya","June","10-BADULLA-DISTRICT-MONARAGALA-DISTRICT-PADIYATALAWA-DEHIATHTHAKANDIYA.-6-June.pdf","pdf","https://www.acju.lk/wp-content/uploads/2025/07/10-BADULLA-DISTRICT-MONARAGALA-DISTRICT-PADIYATALAWA-DEHIATHTHAKANDIYA.-6-June.pdf","https://www.acju.lk/prayer-times/",200,462922,"success","39a6c2a27d13176de866b744fcef2c54793d1e1c8a3fe75ffd1ac440c77e07cf",""
"Badulla_Monaragala_Padiyatalawa_Dehiaththakandiya","July","10-BADULLA-DISTRICT-MONARAGALA-DISTRICT-PADIYATALAWA-DEHIATHTHAKANDIYA.-7-July-scaled.jpg","jpg","https://www.acju.lk/wp-content/uploads/2025/07/10-BADULLA-DISTRICT-MONARAGALA-DISTRICT-PADIYATALAWA-DEHIATHTHAKANDIYA.-7-July-scaled.jpg","https://www.acju.lk/prayer-times/",200,645599,"success","1fd3b574d067c00e27d040ab2372b5f8defb5afb81fc59c3966c08ff53b80c45",""
"Badulla_Monaragala_Padiyatalawa_Dehiaththakandiya","July","10-BADULLA-DISTRICT-MONARAGALA-DISTRICT-PADIYATALAWA-DEHIATHTHAKANDIYA.-7-July.pdf","pdf","https://www.acju.lk/wp-content/uploads/2025/07/10-BADULLA-DISTRICT-MONARAGALA-DISTRICT-PADIYATALAWA-DEHIATHTHAKANDIYA.-7-July.pdf","https://www.acju.lk/prayer-times/",200,463748,"success","e6f09de428514b8b65d923f8afad404b3e8c7f42e2ba9a853eb5344a50aa2b85",""
"Badulla_Monaragala_Padiyatalawa_Dehiaththakandiya","August","10-BADULLA-DISTRICT-MONARAGALA-DISTRICT-PADIYATALAWA-DEHIATHTHAKANDIYA.-8-Aug-scaled.jpg","jpg","https://www.acju.lk/wp-content/uploads/2025/07/10-BADULLA-DISTRICT-MONARAGALA-DISTRICT-PADIYATALAWA-DEHIATHTHAKANDIYA.-8-Aug-scaled.jpg","https://www.acju.lk/prayer-times/",200,653383,"success","f0af6eab0705c072f65ef7d3b00d0145ce6dc7f317cff1f91e57d26be1039982",""
"Badulla_Monaragala_Padiyatalawa_Dehiaththakandiya","August","10-BADULLA-DISTRICT-MONARAGALA-DISTRICT-PADIYATALAWA-DEHIATHTHAKANDIYA.-8-Aug.pdf","pdf","https://www.acju.lk/wp-content/uploads/2025/07/10-BADULLA-DISTRICT-MONARAGALA-DISTRICT-PADIYATALAWA-DEHIATHTHAKANDIYA.-8-Aug.pdf","https://www.acju.lk/prayer-times/",200,344361,"success","7fdfbf294a6a8141a9dc9be7af8302a2aea7437225d1211a0882fcf54de2a342",""
"Badulla_Monaragala_Padiyatalawa_Dehiaththakandiya","September","10-BADULLA-DISTRICT-MONARAGALA-DISTRICT-PADIYATALAWA-DEHIATHTHAKANDIYA.-9-Sep-scaled.jpg","jpg","https://www.acju.lk/wp-content/uploads/2025/07/10-BADULLA-DISTRICT-MONARAGALA-DISTRICT-PADIYATALAWA-DEHIATHTHAKANDIYA.-9-Sep-scaled.jpg","https://www.acju.lk/prayer-times/",200,648400,"success","c9a25a2b5409676284e9492334e44398e0ab03e8800beca17555e89168d9bb6b",""
"Badulla_Monaragala_Padiyatalawa_Dehiaththakandiya","September","10-BADULLA-DISTRICT-MONARAGALA-DISTRICT-PADIYATALAWA-DEHIATHTHAKANDIYA.-9-Sep.pdf","pdf","https://www.acju.lk/wp-content/uploads/2025/07/10-BADULLA-DISTRICT-MONARAGALA-DISTRICT-PADIYATALAWA-DEHIATHTHAKANDIYA.-9-Sep.pdf","https://www.acju.lk/prayer-times/",200,463029,"success","555a46a9bf4b887b66f3e9ac161d7d81fd4ac7c7b1ace105c6391bb81319945f",""
"Badulla_Monaragala_Padiyatalawa_Dehiaththakandiya","October","10-BADULLA-DISTRICT-MONARAGALA-DISTRICT-PADIYATALAWA-DEHIATHTHAKANDIYA.-10-Oct-scaled.jpg","jpg","https://www.acju.lk/wp-content/uploads/2025/07/10-BADULLA-DISTRICT-MONARAGALA-DISTRICT-PADIYATALAWA-DEHIATHTHAKANDIYA.-10-Oct-scaled.jpg","https://www.acju.lk/prayer-times/",200,648899,"success","ea009069437a5b79f7fa7991502d86e5873d5158c444f83b8729e331f89c76c8",""
"Badulla_Monaragala_Padiyatalawa_Dehiaththakandiya","October","10-BADULLA-DISTRICT-MONARAGALA-DISTRICT-PADIYATALAWA-DEHIATHTHAKANDIYA.-10-Oct.pdf","pdf","https://www.acju.lk/wp-content/uploads/2025/07/10-BADULLA-DISTRICT-MONARAGALA-DISTRICT-PADIYATALAWA-DEHIATHTHAKANDIYA.-10-Oct.pdf","https://www.acju.lk/prayer-times/",200,344311,"success","e13d26729cf872e3538a5624bae8431aec3941149f4a2e3c668a8affd20aba0f",""
"Badulla_Monaragala_Padiyatalawa_Dehiaththakandiya","November","10-BADULLA-DISTRICT-MONARAGALA-DISTRICT-PADIYATALAWA-DEHIATHTHAKANDIYA.-11-Nov-scaled.jpg","jpg","https://www.acju.lk/wp-content/uploads/2025/07/10-BADULLA-DISTRICT-MONARAGALA-DISTRICT-PADIYATALAWA-DEHIATHTHAKANDIYA.-11-Nov-scaled.jpg","https://www.acju.lk/prayer-times/",200,644152,"success","8abb1f2ecfe249250f3abdd6ee4ad4f6f94a40c283f988fc103e897e3eebaf81",""
"Badulla_Monaragala_Padiyatalawa_Dehiaththakandiya","November","10-BADULLA-DISTRICT-MONARAGALA-DISTRICT-PADIYATALAWA-DEHIATHTHAKANDIYA.-11-Nov.pdf","pdf","https://www.acju.lk/wp-content/uploads/2025/07/10-BADULLA-DISTRICT-MONARAGALA-DISTRICT-PADIYATALAWA-DEHIATHTHAKANDIYA.-11-Nov.pdf","https://www.acju.lk/prayer-times/",200,463065,"success","250c4cf1220c20ae45bfc2253dd661bdb2899a460f5de01a51e2772d01855a1e",""
"Badulla_Monaragala_Padiyatalawa_Dehiaththakandiya","December","10-BADULLA-DISTRICT-MONARAGALA-DISTRICT-PADIYATALAWA-DEHIATHTHAKANDIYA.-12-Dec-scaled.jpg","jpg","https://www.acju.lk/wp-content/uploads/2025/07/10-BADULLA-DISTRICT-MONARAGALA-DISTRICT-PADIYATALAWA-DEHIATHTHAKANDIYA.-12-Dec-scaled.jpg","https://www.acju.lk/prayer-times/",200,652800,"success","c67601b44dfd7ee8cc5a5108d656077ed1bb5d5802f10d48c3a5eedfa0122c03",""
"Badulla_Monaragala_Padiyatalawa_Dehiaththakandiya","December","10-BADULLA-DISTRICT-MONARAGALA-DISTRICT-PADIYATALAWA-DEHIATHTHAKANDIYA.-12-Dec.pdf","pdf","https://www.acju.lk/wp-content/uploads/2025/07/10-BADULLA-DISTRICT-MONARAGALA-DISTRICT-PADIYATALAWA-DEHIATHTHAKANDIYA.-12-Dec.pdf","https://www.acju.lk/prayer-times/",200,344644,"success","588613b1be27db93e8b95c7b800a630861f4c9d88908e9b4faad3a2a9b045f03",""
"Ratnapura_Kegalle","January","11-RATNAPURA-DISTRICT-KEGALLE-DISTRICT-1-Jan-scaled.jpg","jpg","https://www.acju.lk/wp-content/uploads/2025/07/11-RATNAPURA-DISTRICT-KEGALLE-DISTRICT-1-Jan-scaled.jpg","https://www.acju.lk/prayer-times/",200,711504,"success","57ff8be51383a578d970f3b5fe087b5eda372ae65ae6759a32040f8ba92b7d76",""
"Ratnapura_Kegalle","January","11-RATNAPURA-DISTRICT-KEGALLE-DISTRICT-1-Jan.pdf","pdf","https://www.acju.lk/wp-content/uploads/2025/07/11-RATNAPURA-DISTRICT-KEGALLE-DISTRICT-1-Jan.pdf","https://www.acju.lk/prayer-times/",200,825995,"success","f7d8c59ac76d5ae4de49e96714c51c81f7e522ab0a38af0871389dd4b86e8a16",""
"Ratnapura_Kegalle","February","11-RATNAPURA-DISTRICT-KEGALLE-DISTRICT-2-Feb-scaled.jpg","jpg","https://www.acju.lk/wp-content/uploads/2025/07/11-RATNAPURA-DISTRICT-KEGALLE-DISTRICT-2-Feb-scaled.jpg","https://www.acju.lk/prayer-times/",200,692377,"success","642c4a1e0f118cd49f372cd3f53d8ada4b5b9a4efeadc47d0bb06cf692213bb2",""
"Ratnapura_Kegalle","February","11-RATNAPURA-DISTRICT-KEGALLE-DISTRICT-2-Feb.pdf","pdf","https://www.acju.lk/wp-content/uploads/2025/07/11-RATNAPURA-DISTRICT-KEGALLE-DISTRICT-2-Feb.pdf","https://www.acju.lk/prayer-times/",200,825477,"success","f20ede31cafef7eea226287774f2e45f0f994c5a5e2e5ce85ff3483f83e8bc7d",""
"Ratnapura_Kegalle","March","11-RATNAPURA-DISTRICT-KEGALLE-DISTRICT-3-Mar-scaled.jpg","jpg","https://www.acju.lk/wp-content/uploads/2025/07/11-RATNAPURA-DISTRICT-KEGALLE-DISTRICT-3-Mar-scaled.jpg","https://www.acju.lk/prayer-times/",200,709802,"success","14d1d6a9b44703d00146efa0812d959e9c7b81ddfd75c2e2e9e4a9ece374380a",""
"Ratnapura_Kegalle","March","11-RATNAPURA-DISTRICT-KEGALLE-DISTRICT-3-Mar.pdf","pdf","https://www.acju.lk/wp-content/uploads/2025/07/11-RATNAPURA-DISTRICT-KEGALLE-DISTRICT-3-Mar.pdf","https://www.acju.lk/prayer-times/",200,825943,"success","2ec25c8d28c52bea70eac7a53e86103aa9c380c585d1ab4d20225ac15678985e",""
"Ratnapura_Kegalle","April","11-RATNAPURA-DISTRICT-KEGALLE-DISTRICT-4-Apr-scaled.jpg","jpg","https://www.acju.lk/wp-content/uploads/2025/07/11-RATNAPURA-DISTRICT-KEGALLE-DISTRICT-4-Apr-scaled.jpg","https://www.acju.lk/prayer-times/",200,700974,"success","e82121dd3973f2d4beeaa2d4a2c527e6aa9131ebe5e7d76cfd2ed63d66b84730",""
"Ratnapura_Kegalle","April","11-RATNAPURA-DISTRICT-KEGALLE-DISTRICT-4-Apr.pdf","pdf","https://www.acju.lk/wp-content/uploads/2025/07/11-RATNAPURA-DISTRICT-KEGALLE-DISTRICT-4-Apr.pdf","https://www.acju.lk/prayer-times/",200,825704,"success","ffc1c9f4abc0f835b4fba02ed5ddf64f55c590c251c1f0e13e4fa0960b467866",""
"Ratnapura_Kegalle","May","11-RATNAPURA-DISTRICT-KEGALLE-DISTRICT-5-May-scaled.jpg","jpg","https://www.acju.lk/wp-content/uploads/2025/07/11-RATNAPURA-DISTRICT-KEGALLE-DISTRICT-5-May-scaled.jpg","https://www.acju.lk/prayer-times/",200,714016,"success","b28115e3cc1dceb50c373314ce35cf1218efbc1aa983b3d92728b233f395af7a",""
"Ratnapura_Kegalle","May","11-RATNAPURA-DISTRICT-KEGALLE-DISTRICT-5-May.pdf","pdf","https://www.acju.lk/wp-content/uploads/2025/07/11-RATNAPURA-DISTRICT-KEGALLE-DISTRICT-5-May.pdf","https://www.acju.lk/prayer-times/",200,825732,"success","761493c10e94ee9aaf333fa6221c01a9fcb0773e503dd8fdffa8a654d9dcdc6e",""
"Ratnapura_Kegalle","June","11-RATNAPURA-DISTRICT-KEGALLE-DISTRICT-6-June-scaled.jpg","jpg","https://www.acju.lk/wp-content/uploads/2025/07/11-RATNAPURA-DISTRICT-KEGALLE-DISTRICT-6-June-scaled.jpg","https://www.acju.lk/prayer-times/",200,699610,"success","ddfd578e7eb7c3e6c07e7caa31286562c01323da708a2b72094b4a57bff4f116",""
"Ratnapura_Kegalle","June","11-RATNAPURA-DISTRICT-KEGALLE-DISTRICT-6-June.pdf","pdf","https://www.acju.lk/wp-content/uploads/2025/07/11-RATNAPURA-DISTRICT-KEGALLE-DISTRICT-6-June.pdf","https://www.acju.lk/prayer-times/",200,400181,"success","efb1292d261114224444e05a2be821e06bbdfb70410e8047d1c6e09da8192694",""
"Ratnapura_Kegalle","July","11-RATNAPURA-DISTRICT-KEGALLE-DISTRICT-7-July-scaled.jpg","jpg","https://www.acju.lk/wp-content/uploads/2025/07/11-RATNAPURA-DISTRICT-KEGALLE-DISTRICT-7-July-scaled.jpg","https://www.acju.lk/prayer-times/",200,705337,"success","cbf02372181c27e7ea800b8d966d1336c4dc0aa6016ae7ef83041cfcd1ec0eb5",""
"Ratnapura_Kegalle","July","11-RATNAPURA-DISTRICT-KEGALLE-DISTRICT-7-July.pdf","pdf","https://www.acju.lk/wp-content/uploads/2025/07/11-RATNAPURA-DISTRICT-KEGALLE-DISTRICT-7-July.pdf","https://www.acju.lk/prayer-times/",200,825572,"success","da2ba59b511e7f18f522b7d1b44990e0c0ce66d136c35a6af4142046ecd146f3",""
"Ratnapura_Kegalle","August","11-RATNAPURA-DISTRICT-KEGALLE-DISTRICT-8-Aug-scaled.jpg","jpg","https://www.acju.lk/wp-content/uploads/2025/07/11-RATNAPURA-DISTRICT-KEGALLE-DISTRICT-8-Aug-scaled.jpg","https://www.acju.lk/prayer-times/",200,713845,"success","92c385383094da6134690559d77f5ae8810046f7df1644d52a73cf1d1a1b5b18",""
"Ratnapura_Kegalle","August","11-RATNAPURA-DISTRICT-KEGALLE-DISTRICT-8-Aug.pdf","pdf","https://www.acju.lk/wp-content/uploads/2025/07/11-RATNAPURA-DISTRICT-KEGALLE-DISTRICT-8-Aug.pdf","https://www.acju.lk/prayer-times/",200,826173,"success","f1080ec10ea95e3ec6e48c69badd8a5d0a73d698010542e22723457ef53e84c6",""
"Ratnapura_Kegalle","September","11-RATNAPURA-DISTRICT-KEGALLE-DISTRICT-9-Sep-scaled.jpg","jpg","https://www.acju.lk/wp-content/uploads/2025/07/11-RATNAPURA-DISTRICT-KEGALLE-DISTRICT-9-Sep-scaled.jpg","https://www.acju.lk/prayer-times/",200,704734,"success","fbda2f170ed1c12a78f8b7e6927050de902a18b100bcd9e84ce42ce7b4276ec8",""
"Ratnapura_Kegalle","September","11-RATNAPURA-DISTRICT-KEGALLE-DISTRICT-9-Sep.pdf","pdf","https://www.acju.lk/wp-content/uploads/2025/07/11-RATNAPURA-DISTRICT-KEGALLE-DISTRICT-9-Sep.pdf","https://www.acju.lk/prayer-times/",200,262585,"success","0570142fbc172b2de47e607bb1edffb7b99c6af76a6a2a48b6fe832402a499bc",""
"Ratnapura_Kegalle","October","11-RATNAPURA-DISTRICT-KEGALLE-DISTRICT-10-Oct-scaled.jpg","jpg","https://www.acju.lk/wp-content/uploads/2025/07/11-RATNAPURA-DISTRICT-KEGALLE-DISTRICT-10-Oct-scaled.jpg","https://www.acju.lk/prayer-times/",200,710265,"success","4b349dca89ec8dca468b3fe1b191449cbfa826264624eb634742752db084cde6",""
"Ratnapura_Kegalle","October","11-RATNAPURA-DISTRICT-KEGALLE-DISTRICT-10-Oct.pdf","pdf","https://www.acju.lk/wp-content/uploads/2025/07/11-RATNAPURA-DISTRICT-KEGALLE-DISTRICT-10-Oct.pdf","https://www.acju.lk/prayer-times/",200,826036,"success","99bed0aef50d2945f9576705dd76172d3451e2e53c09b56e462484ecd80b5fbe",""
"Ratnapura_Kegalle","November","11-RATNAPURA-DISTRICT-KEGALLE-DISTRICT-11-Nov-scaled.jpg","jpg","https://www.acju.lk/wp-content/uploads/2025/07/11-RATNAPURA-DISTRICT-KEGALLE-DISTRICT-11-Nov-scaled.jpg","https://www.acju.lk/prayer-times/",200,703419,"success","7d199502b3d6d78b786b37f615f47539ade09fa183709912d830666950dc83c6",""
"Ratnapura_Kegalle","November","11-RATNAPURA-DISTRICT-KEGALLE-DISTRICT-11-Nov.pdf","pdf","https://www.acju.lk/wp-content/uploads/2025/07/11-RATNAPURA-DISTRICT-KEGALLE-DISTRICT-11-Nov.pdf","https://www.acju.lk/prayer-times/",200,825825,"success","5eeea209bf31c4cff1977419d3fb3127b5fa1e9bd717effaaee65527772f6f95",""
"Ratnapura_Kegalle","December","11-RATNAPURA-DISTRICT-KEGALLE-DISTRICT-12-Dec-scaled.jpg","jpg","https://www.acju.lk/wp-content/uploads/2025/07/11-RATNAPURA-DISTRICT-KEGALLE-DISTRICT-12-Dec-scaled.jpg","https://www.acju.lk/prayer-times/",200,713107,"success","6a98d5234747f499e3ecec67116cac4004f2c5dbf5784774175ac29e010f260f",""
"Ratnapura_Kegalle","December","11-RATNAPURA-DISTRICT-KEGALLE-DISTRICT-12-Dec.pdf","pdf","https://www.acju.lk/wp-content/uploads/2025/07/11-RATNAPURA-DISTRICT-KEGALLE-DISTRICT-12-Dec.pdf","https://www.acju.lk/prayer-times/",200,262732,"success","c02d81cf60a119a8b7b14fe7e90092257cc106315e539400b875c225c93196b4",""
"Galle_Matara","January","12-GALLE-DISTRICT-MATARA-DISTRICT-1-Jan-scaled.jpg","jpg","https://www.acju.lk/wp-content/uploads/2025/07/12-GALLE-DISTRICT-MATARA-DISTRICT-1-Jan-scaled.jpg","https://www.acju.lk/prayer-times/",200,694956,"success","e961870df952607bdcd09e5401bf23e304f7c815889b06f000b4162a94b017f5",""
"Galle_Matara","January","12-GALLE-DISTRICT-MATARA-DISTRICT-1-Jan.pdf","pdf","https://www.acju.lk/wp-content/uploads/2025/07/12-GALLE-DISTRICT-MATARA-DISTRICT-1-Jan.pdf","https://www.acju.lk/prayer-times/",200,825871,"success","6d89de58c3710e1c7f68d80df8366f9c1001e02a620986e53709bb2994680416",""
"Galle_Matara","February","12-GALLE-DISTRICT-MATARA-DISTRICT-2-Feb-scaled.jpg","jpg","https://www.acju.lk/wp-content/uploads/2025/07/12-GALLE-DISTRICT-MATARA-DISTRICT-2-Feb-scaled.jpg","https://www.acju.lk/prayer-times/",200,672734,"success","a5184e6a4cf95983bd7e4fc8c178d32026fb1bac88f0815a0ff3e18d3265db20",""
"Galle_Matara","February","12-GALLE-DISTRICT-MATARA-DISTRICT-2-Feb.pdf","pdf","https://www.acju.lk/wp-content/uploads/2025/07/12-GALLE-DISTRICT-MATARA-DISTRICT-2-Feb.pdf","https://www.acju.lk/prayer-times/",200,825318,"success","f71965af793aed92e963a1d5504a6fb32f41aa30a27ee841c3f5d4597e428302",""
"Galle_Matara","March","12-GALLE-DISTRICT-MATARA-DISTRICT-3-Mar-scaled.jpg","jpg","https://www.acju.lk/wp-content/uploads/2025/07/12-GALLE-DISTRICT-MATARA-DISTRICT-3-Mar-scaled.jpg","https://www.acju.lk/prayer-times/",200,692598,"success","3f4f335c24191ec0803ae6db1f4a8a7ddd512ca4e546131eddf0deca8f08dd9a",""
"Galle_Matara","March","12-GALLE-DISTRICT-MATARA-DISTRICT-3-Mar.pdf","pdf","https://www.acju.lk/wp-content/uploads/2025/07/12-GALLE-DISTRICT-MATARA-DISTRICT-3-Mar.pdf","https://www.acju.lk/prayer-times/",200,825800,"success","c337cc11795a7823e71cfb70a75522217dc4f194dbff53e19c5a199899db18fe",""
"Galle_Matara","April","12-GALLE-DISTRICT-MATARA-DISTRICT-4-Apr-scaled.jpg","jpg","https://www.acju.lk/wp-content/uploads/2025/07/12-GALLE-DISTRICT-MATARA-DISTRICT-4-Apr-scaled.jpg","https://www.acju.lk/prayer-times/",200,680974,"success","9d035aceaaa2551c9aef902ec82aabf0ed339159a4566ba8985056e7e54cad28",""
"Galle_Matara","April","12-GALLE-DISTRICT-MATARA-DISTRICT-4-Apr.pdf","pdf","https://www.acju.lk/wp-content/uploads/2025/07/12-GALLE-DISTRICT-MATARA-DISTRICT-4-Apr.pdf","https://www.acju.lk/prayer-times/",200,825447,"success","1d41ec25680ed32e8b4231de2844fe7219a5f3b9cf556d3a5f21c0315fd37993",""
"Galle_Matara","May","12-GALLE-DISTRICT-MATARA-DISTRICT-5-May-scaled.jpg","jpg","https://www.acju.lk/wp-content/uploads/2025/07/12-GALLE-DISTRICT-MATARA-DISTRICT-5-May-scaled.jpg","https://www.acju.lk/prayer-times/",200,693272,"success","28737d4e753393a1fb3342b0dcfa97824b745460094e8b3f47fc1ddaca8175bb",""
"Galle_Matara","May","12-GALLE-DISTRICT-MATARA-DISTRICT-5-May.pdf","pdf","https://www.acju.lk/wp-content/uploads/2025/07/12-GALLE-DISTRICT-MATARA-DISTRICT-5-May.pdf","https://www.acju.lk/prayer-times/",200,825483,"success","1ba7b14c6528d0e703e4222ca3e3b667e6f969039cea4e027d3c6c9bbfd853c2",""
"Galle_Matara","June","12-GALLE-DISTRICT-MATARA-DISTRICT-6-June-scaled.jpg","jpg","https://www.acju.lk/wp-content/uploads/2025/07/12-GALLE-DISTRICT-MATARA-DISTRICT-6-June-scaled.jpg","https://www.acju.lk/prayer-times/",200,677984,"success","789096b18c59e704ad35da1682f118babde8439ac24a24fdfdac6dc0d5235214",""
"Galle_Matara","June","12-GALLE-DISTRICT-MATARA-DISTRICT-6-June.pdf","pdf","https://www.acju.lk/wp-content/uploads/2025/07/12-GALLE-DISTRICT-MATARA-DISTRICT-6-June.pdf","https://www.acju.lk/prayer-times/",200,399995,"success","46f5caad41bc66480a12e4d2349268b1a6ee30a692833b9be3f11291523689e1",""
"Galle_Matara","July","12-GALLE-DISTRICT-MATARA-DISTRICT-7-July-scaled.jpg","jpg","https://www.acju.lk/wp-content/uploads/2025/07/12-GALLE-DISTRICT-MATARA-DISTRICT-7-July-scaled.jpg","https://www.acju.lk/prayer-times/",200,686050,"success","c9b84f697906cc03ef9dea1c314d7f37670e28269cdd830844edf9045bfb00d5",""
"Galle_Matara","July","12-GALLE-DISTRICT-MATARA-DISTRICT-7-July.pdf","pdf","https://www.acju.lk/wp-content/uploads/2025/07/12-GALLE-DISTRICT-MATARA-DISTRICT-7-July.pdf","https://www.acju.lk/prayer-times/",200,825369,"success","767961ebf59ff0da408fe68582457fdb89b9090e025977804257308cb4010e58",""
"Galle_Matara","August","12-GALLE-DISTRICT-MATARA-DISTRICT-8-Aug-scaled.jpg","jpg","https://www.acju.lk/wp-content/uploads/2025/07/12-GALLE-DISTRICT-MATARA-DISTRICT-8-Aug-scaled.jpg","https://www.acju.lk/prayer-times/",200,694974,"success","5283873048698c4b0613f99558fb6ca8cc16a139594292d809a87011a40911a7",""
"Galle_Matara","August","12-GALLE-DISTRICT-MATARA-DISTRICT-8-Aug.pdf","pdf","https://www.acju.lk/wp-content/uploads/2025/07/12-GALLE-DISTRICT-MATARA-DISTRICT-8-Aug.pdf","https://www.acju.lk/prayer-times/",200,825928,"success","546610f9c00c61982c2cf60a1d6de83126253aafdc2f07e8a9d086b21d3ba0ad",""
"Galle_Matara","September","12-GALLE-DISTRICT-MATARA-DISTRICT-9-Sep-scaled.jpg","jpg","https://www.acju.lk/wp-content/uploads/2025/07/12-GALLE-DISTRICT-MATARA-DISTRICT-9-Sep-scaled.jpg","https://www.acju.lk/prayer-times/",200,684139,"success","62d2f8f74f6e902adcc8b4de4926c19ed4776ac4502653121c164967208d0c1c",""
"Galle_Matara","September","12-GALLE-DISTRICT-MATARA-DISTRICT-9-Sep.pdf","pdf","https://www.acju.lk/wp-content/uploads/2025/07/12-GALLE-DISTRICT-MATARA-DISTRICT-9-Sep.pdf","https://www.acju.lk/prayer-times/",200,262497,"success","dfaa232d1dff6670db300a9eb3d45e59bfd49ea51e50fc4240d383213973f822",""
"Galle_Matara","October","12-GALLE-DISTRICT-MATARA-DISTRICT-10-Oct-scaled.jpg","jpg","https://www.acju.lk/wp-content/uploads/2025/07/12-GALLE-DISTRICT-MATARA-DISTRICT-10-Oct-scaled.jpg","https://www.acju.lk/prayer-times/",200,691637,"success","9dfa1690ab328fd5b90f759fd6ea4621b59c120d75588c58e8e5bc9cbe52d801",""
"Galle_Matara","October","12-GALLE-DISTRICT-MATARA-DISTRICT-10-Oct.pdf","pdf","https://www.acju.lk/wp-content/uploads/2025/07/12-GALLE-DISTRICT-MATARA-DISTRICT-10-Oct.pdf","https://www.acju.lk/prayer-times/",200,825862,"success","11fdbbe19ba34c873c2838f2b5623ea3c7ea8da00706566ec2fa14d209a699d8",""
"Galle_Matara","November","12-GALLE-DISTRICT-MATARA-DISTRICT-11Nov-scaled.jpg","jpg","https://www.acju.lk/wp-content/uploads/2025/07/12-GALLE-DISTRICT-MATARA-DISTRICT-11Nov-scaled.jpg","https://www.acju.lk/prayer-times/",200,681776,"success","3c842a2e82abcb5a96d78c96670009476d1734d1b8869b6979e810651ad7f972",""
"Galle_Matara","November","12-GALLE-DISTRICT-MATARA-DISTRICT-11-Nov.pdf","pdf","https://www.acju.lk/wp-content/uploads/2025/07/12-GALLE-DISTRICT-MATARA-DISTRICT-11-Nov.pdf","https://www.acju.lk/prayer-times/",200,825590,"success","19a4149639f56b286e15445d9690592f551590fdcb91813951f1193c5ed69909",""
"Galle_Matara","December","12-GALLE-DISTRICT-MATARA-DISTRICT-12-Dec-scaled.jpg","jpg","https://www.acju.lk/wp-content/uploads/2025/07/12-GALLE-DISTRICT-MATARA-DISTRICT-12-Dec-scaled.jpg","https://www.acju.lk/prayer-times/",200,693480,"success","a085dce5d176ecbbaf9ae7ca23ab2e223ac8df51c1d69dc8cef5d6f192815123",""
"Galle_Matara","December","12-GALLE-DISTRICT-MATARA-DISTRICT-12-Dec.pdf","pdf","https://www.acju.lk/wp-content/uploads/2025/07/12-GALLE-DISTRICT-MATARA-DISTRICT-12-Dec.pdf","https://www.acju.lk/prayer-times/",200,262616,"success","6963f2eef51911cc53985d681e1e3c59814390103951ebb15e9715bbe3f90a39",""
"Hambantota","January","13-HAMBANTOTA-DISTRICT-1-Jan-scaled.jpg","jpg","https://www.acju.lk/wp-content/uploads/2025/07/13-HAMBANTOTA-DISTRICT-1-Jan-scaled.jpg","https://www.acju.lk/prayer-times/",200,671644,"success","e273dfd6426c5578965d1163348d35c2897c1e7f269955ed8405030c3dec830a",""
"Hambantota","January","13-HAMBANTOTA-DISTRICT-1-Jan.pdf","pdf","https://www.acju.lk/wp-content/uploads/2025/07/13-HAMBANTOTA-DISTRICT-1-Jan.pdf","https://www.acju.lk/prayer-times/",200,825915,"success","2e9678ae38ad2bc912b3b2c50dd57d4e8282ee568286c685e9c4c9d7deacb5ea",""
"Hambantota","February","13-HAMBANTOTA-DISTRICT-2-Feb-scaled.jpg","jpg","https://www.acju.lk/wp-content/uploads/2025/07/13-HAMBANTOTA-DISTRICT-2-Feb-scaled.jpg","https://www.acju.lk/prayer-times/",200,656942,"success","91f41e0f00fa9010fe589324081519339323b61acf37a3c284b1a0b3db317844",""
"Hambantota","February","13-HAMBANTOTA-DISTRICT-2-Feb.pdf","pdf","https://www.acju.lk/wp-content/uploads/2025/07/13-HAMBANTOTA-DISTRICT-2-Feb.pdf","https://www.acju.lk/prayer-times/",200,825301,"success","2b9fcdc006cfb4bb53893ae641531477105191c7630df71413c6a78957a0951e",""
"Hambantota","March","13-HAMBANTOTA-DISTRICT-3-Mar-scaled.jpg","jpg","https://www.acju.lk/wp-content/uploads/2025/07/13-HAMBANTOTA-DISTRICT-3-Mar-scaled.jpg","https://www.acju.lk/prayer-times/",200,670181,"success","099c0dd9b072c5820728124c115893a06adaac7ff8f88432e5e88c7c73c6a90f",""
"Hambantota","March","13-HAMBANTOTA-DISTRICT-3-Mar.pdf","pdf","https://www.acju.lk/wp-content/uploads/2025/07/13-HAMBANTOTA-DISTRICT-3-Mar.pdf","https://www.acju.lk/prayer-times/",200,825760,"success","990e5a8578d1b2b0e383fc81b87fec50f1cac6cd4d3e76afc17435e64769b2f1",""
"Hambantota","April","13-HAMBANTOTA-DISTRICT-4-Apr-scaled.jpg","jpg","https://www.acju.lk/wp-content/uploads/2025/07/13-HAMBANTOTA-DISTRICT-4-Apr-scaled.jpg","https://www.acju.lk/prayer-times/",200,662199,"success","501a6365fc5371ca6945816906e22ec9abe33d96a928ed0e69cf1f9e77d6372a",""
"Hambantota","April","13-HAMBANTOTA-DISTRICT-4-Apr.pdf","pdf","https://www.acju.lk/wp-content/uploads/2025/07/13-HAMBANTOTA-DISTRICT-4-Apr.pdf","https://www.acju.lk/prayer-times/",200,825444,"success","0deec7fc66fe5136a861380a7c18f9ec000647d4384d8053b980b9c3ce86f196",""
"Hambantota","May","13-HAMBANTOTA-DISTRICT-5-May-scaled.jpg","jpg","https://www.acju.lk/wp-content/uploads/2025/07/13-HAMBANTOTA-DISTRICT-5-May-scaled.jpg","https://www.acju.lk/prayer-times/",200,673248,"success","00727fdc5fcd5bb70c61499b873dab3e8f4e0600def7f3e6fec3db0486ef9216",""
"Hambantota","May","13-HAMBANTOTA-DISTRICT-5-May.pdf","pdf","https://www.acju.lk/wp-content/uploads/2025/07/13-HAMBANTOTA-DISTRICT-5-May.pdf","https://www.acju.lk/prayer-times/",200,825439,"success","50ab8488034fbe56eb122de5e0825280e47989025028f46b76170f86b57b11c5",""
"Hambantota","June","13-HAMBANTOTA-DISTRICT-6-June-scaled.jpg","jpg","https://www.acju.lk/wp-content/uploads/2025/07/13-HAMBANTOTA-DISTRICT-6-June-scaled.jpg","https://www.acju.lk/prayer-times/",200,660035,"success","9dd63df9627d1850ba23cd2d0faa2f6c7165b79b548ce89596a508943f538efb",""
"Hambantota","June","13-HAMBANTOTA-DISTRICT-6-June.pdf","pdf","https://www.acju.lk/wp-content/uploads/2025/07/13-HAMBANTOTA-DISTRICT-6-June.pdf","https://www.acju.lk/prayer-times/",200,399982,"success","b3b44434f64b2b97e4c600f0dfac8a63a793bdb0863fc447289efb7b8e0d724d",""
"Hambantota","July","13-HAMBANTOTA-DISTRICT-7-July-scaled.jpg","jpg","https://www.acju.lk/wp-content/uploads/2025/07/13-HAMBANTOTA-DISTRICT-7-July-scaled.jpg","https://www.acju.lk/prayer-times/",200,666103,"success","9b2ebda70fd2dbf746de074182520420882770359f7f76ba8defd0908bc888e4",""
"Hambantota","July","13-HAMBANTOTA-DISTRICT-7-July.pdf","pdf","https://www.acju.lk/wp-content/uploads/2025/07/13-HAMBANTOTA-DISTRICT-7-July.pdf","https://www.acju.lk/prayer-times/",200,825362,"success","a0f65cd857884317a72aaf3889b645871b210ec352e9da466e542f2f4b5b88ac",""
"Hambantota","August","13-HAMBANTOTA-DISTRICT-8-Aug-scaled.jpg","jpg","https://www.acju.lk/wp-content/uploads/2025/07/13-HAMBANTOTA-DISTRICT-8-Aug-scaled.jpg","https://www.acju.lk/prayer-times/",200,672919,"success","725d2919c1f5d4ad77168fa447a7fc0864e03776aff1238c87e6dec8745dc0f1",""
"Hambantota","August","13-HAMBANTOTA-DISTRICT-8-Aug.pdf","pdf","https://www.acju.lk/wp-content/uploads/2025/07/13-HAMBANTOTA-DISTRICT-8-Aug.pdf","https://www.acju.lk/prayer-times/",200,825960,"success","783d33a7246b93aee01e6111dcfa55598b53092170cf8e1fc25b1572b6a8d0e9",""
"Hambantota","September","13-HAMBANTOTA-DISTRICT-9-Sep-scaled.jpg","jpg","https://www.acju.lk/wp-content/uploads/2025/07/13-HAMBANTOTA-DISTRICT-9-Sep-scaled.jpg","https://www.acju.lk/prayer-times/",200,665969,"success","999e24ab51aa1ca3710138060b56e9f7a30c37459b1418bb6493a85ba9c75374",""
"Hambantota","September","13-HAMBANTOTA-DISTRICT-9-Sep.pdf","pdf","https://www.acju.lk/wp-content/uploads/2025/07/13-HAMBANTOTA-DISTRICT-9-Sep.pdf","https://www.acju.lk/prayer-times/",200,262543,"success","3e2bbc50e8d55ff0c8f0dec5ab07aa36b057f3cda7a8ebed3cd9278048138c7b",""
"Hambantota","October","13-HAMBANTOTA-DISTRICT-10-Oct-scaled.jpg","jpg","https://www.acju.lk/wp-content/uploads/2025/07/13-HAMBANTOTA-DISTRICT-10-Oct-scaled.jpg","https://www.acju.lk/prayer-times/",200,670000,"success","ffee95d8dc106f64e9b4134b1bd483124654e9a7c70444674bbcf4a0a9fe1c22",""
"Hambantota","October","13-HAMBANTOTA-DISTRICT-10-Oct.pdf","pdf","https://www.acju.lk/wp-content/uploads/2025/07/13-HAMBANTOTA-DISTRICT-10-Oct.pdf","https://www.acju.lk/prayer-times/",200,825806,"success","0d03f6a5be1cabc713f7331560bb6de577cacb08e98940cd6f56c2d671071ec0",""
"Hambantota","November","13-HAMBANTOTA-DISTRICT-11-Nov-scaled.jpg","jpg","https://www.acju.lk/wp-content/uploads/2025/07/13-HAMBANTOTA-DISTRICT-11-Nov-scaled.jpg","https://www.acju.lk/prayer-times/",200,663750,"success","69297d6916be45eaf335e97928323c7ed26c7db9e72c2da7e2ea2d78be0bbdb9",""
"Hambantota","November","13-HAMBANTOTA-DISTRICT-11-Nov.pdf","pdf","https://www.acju.lk/wp-content/uploads/2025/07/13-HAMBANTOTA-DISTRICT-11-Nov.pdf","https://www.acju.lk/prayer-times/",200,825589,"success","f9452fb2dbcde5ce719d372c64d14e897c125e68a9ce3821a79ae03db847679d",""
"Hambantota","December","13-HAMBANTOTA-DISTRICT-12-Dec-scaled.jpg","jpg","https://www.acju.lk/wp-content/uploads/2025/12/13-HAMBANTOTA-DISTRICT-12-Dec-scaled.jpg","https://www.acju.lk/prayer-times/",200,683811,"success","2b6243fb2191960c62c44a927c50f3a6f4a321322006e5adcf73da7e46288039",""
"Hambantota","December","13-HAMBANTOTA-DISTRICT-12-Dec.pdf","pdf","https://www.acju.lk/wp-content/uploads/2025/12/13-HAMBANTOTA-DISTRICT-12-Dec.pdf","https://www.acju.lk/prayer-times/",200,402283,"success","ce4b803159c0c7402a51d0b0ae78489045d87e30f4e5b99e561d8595a2741648",""
"Other","Unknown","03-MULLAITIVU-DISTRICT-EXCEPT-NALLUR-KILINOCHCHI-DISTRICT-VAVUNIYA-DISTRICT-1-Jan-scaled.jpg","jpg","https://www.acju.lk/wp-content/uploads/2025/07/03-MULLAITIVU-DISTRICT-EXCEPT-NALLUR-KILINOCHCHI-DISTRICT-VAVUNIYA-DISTRICT-1-Jan-scaled.jpg","https://www.acju.lk/prayer-times/",200,739852,"success","3d91360db792325b022acb36c44fdf293688930f0a46696083579147923e4582","extra/ungrouped file"
"Other","Unknown","03-MULLAITIVU-DISTRICT-EXCEPT-NALLUR-KILINOCHCHI-DISTRICT-VAVUNIYA-DISTRICT-1-Jan.pdf","pdf","https://www.acju.lk/wp-content/uploads/2025/07/03-MULLAITIVU-DISTRICT-EXCEPT-NALLUR-KILINOCHCHI-DISTRICT-VAVUNIYA-DISTRICT-1-Jan.pdf","https://www.acju.lk/prayer-times/",200,826536,"success","96fc17f51b401c822c0765054b0a349c8ee6d985fd911415da0a4c4e8402711a","extra/ungrouped file"
"Other","Unknown","03-MULLAITIVU-DISTRICT-EXCEPT-NALLUR-KILINOCHCHI-DISTRICT-VAVUNIYA-DISTRICT-2-Feb-scaled.jpg","jpg","https://www.acju.lk/wp-content/uploads/2025/07/03-MULLAITIVU-DISTRICT-EXCEPT-NALLUR-KILINOCHCHI-DISTRICT-VAVUNIYA-DISTRICT-2-Feb-scaled.jpg","https://www.acju.lk/prayer-times/",200,720431,"success","3a388c35042c7bd8484368cd6c165489619b07cfa2b1aef9eff3eada422432d2","extra/ungrouped file"
"Other","Unknown","03-MULLAITIVU-DISTRICT-EXCEPT-NALLUR-KILINOCHCHI-DISTRICT-VAVUNIYA-DISTRICT-2-Feb.pdf","pdf","https://www.acju.lk/wp-content/uploads/2025/07/03-MULLAITIVU-DISTRICT-EXCEPT-NALLUR-KILINOCHCHI-DISTRICT-VAVUNIYA-DISTRICT-2-Feb.pdf","https://www.acju.lk/prayer-times/",200,826063,"success","1d68601bff12d317518259b4a8a53c0d87bbbcec6d43dfa39ca84622f5bbdcd5","extra/ungrouped file"
"Other","Unknown","03-MULLAITIVU-DISTRICT-EXCEPT-NALLUR-KILINOCHCHI-DISTRICT-VAVUNIYA-DISTRICT-3-Mar-scaled.jpg","jpg","https://www.acju.lk/wp-content/uploads/2025/07/03-MULLAITIVU-DISTRICT-EXCEPT-NALLUR-KILINOCHCHI-DISTRICT-VAVUNIYA-DISTRICT-3-Mar-scaled.jpg","https://www.acju.lk/prayer-times/",200,738968,"success","e4656bc63e95bfa9226889b13f15e9b5c3db194d6d8f4cc21ae9e2f6c5d894ce","extra/ungrouped file"
"Other","Unknown","03-MULLAITIVU-DISTRICT-EXCEPT-NALLUR-KILINOCHCHI-DISTRICT-VAVUNIYA-DISTRICT-3-Mar.pdf","pdf","https://www.acju.lk/wp-content/uploads/2025/07/03-MULLAITIVU-DISTRICT-EXCEPT-NALLUR-KILINOCHCHI-DISTRICT-VAVUNIYA-DISTRICT-3-Mar.pdf","https://www.acju.lk/prayer-times/",200,826391,"success","c3cf56bbe508d0ab5b54c1975295411e130fb1aa346cb9486bb80c41f4c5d9e5","extra/ungrouped file"
"Other","Unknown","03-MULLAITIVU-DISTRICT-EXCEPT-NALLUR-KILINOCHCHI-DISTRICT-VAVUNIYA-DISTRICT-4-Apr-scaled.jpg","jpg","https://www.acju.lk/wp-content/uploads/2025/07/03-MULLAITIVU-DISTRICT-EXCEPT-NALLUR-KILINOCHCHI-DISTRICT-VAVUNIYA-DISTRICT-4-Apr-scaled.jpg","https://www.acju.lk/prayer-times/",200,725860,"success","21854a711973b69445c7780885ca24f080765d07b2eac871992400235e3052f3","extra/ungrouped file"
"Other","Unknown","03-MULLAITIVU-DISTRICT-EXCEPT-NALLUR-KILINOCHCHI-DISTRICT-VAVUNIYA-DISTRICT-4-Apr.pdf","pdf","https://www.acju.lk/wp-content/uploads/2025/07/03-MULLAITIVU-DISTRICT-EXCEPT-NALLUR-KILINOCHCHI-DISTRICT-VAVUNIYA-DISTRICT-4-Apr.pdf","https://www.acju.lk/prayer-times/",200,826220,"success","95c0994eb12656b6c740437193c134b4421161b43f698614df588f8c524cbdfe","extra/ungrouped file"
"Other","Unknown","03-MULLAITIVU-DISTRICT-EXCEPT-NALLUR-KILINOCHCHI-DISTRICT-VAVUNIYA-DISTRICT-5-May-scaled.jpg","jpg","https://www.acju.lk/wp-content/uploads/2025/07/03-MULLAITIVU-DISTRICT-EXCEPT-NALLUR-KILINOCHCHI-DISTRICT-VAVUNIYA-DISTRICT-5-May-scaled.jpg","https://www.acju.lk/prayer-times/",200,741323,"success","b8976cd355950e6c83f1c8b4a5d79cea73d94891c68becb6927b06127f9172b8","extra/ungrouped file"
"Other","Unknown","03-MULLAITIVU-DISTRICT-EXCEPT-NALLUR-KILINOCHCHI-DISTRICT-VAVUNIYA-DISTRICT-5-May.pdf","pdf","https://www.acju.lk/wp-content/uploads/2025/07/03-MULLAITIVU-DISTRICT-EXCEPT-NALLUR-KILINOCHCHI-DISTRICT-VAVUNIYA-DISTRICT-5-May.pdf","https://www.acju.lk/prayer-times/",200,826267,"success","ae0c4cccda7b781561a21e3e7c9c66f9af17aef8987739663b1ce1b76c7508f1","extra/ungrouped file"
"Other","Unknown","03-MULLAITIVU-DISTRICT-EXCEPT-NALLUR-KILINOCHCHI-DISTRICT-VAVUNIYA-DISTRICT-6-June-scaled.jpg","jpg","https://www.acju.lk/wp-content/uploads/2025/07/03-MULLAITIVU-DISTRICT-EXCEPT-NALLUR-KILINOCHCHI-DISTRICT-VAVUNIYA-DISTRICT-6-June-scaled.jpg","https://www.acju.lk/prayer-times/",200,723570,"success","5f47cc96d44da17958e6da239bc8292ff19419364e1cd88bc9a58ac319032dc1","extra/ungrouped file"
"Other","Unknown","03-MULLAITIVU-DISTRICT-EXCEPT-NALLUR-KILINOCHCHI-DISTRICT-VAVUNIYA-DISTRICT-6-June.pdf","pdf","https://www.acju.lk/wp-content/uploads/2025/07/03-MULLAITIVU-DISTRICT-EXCEPT-NALLUR-KILINOCHCHI-DISTRICT-VAVUNIYA-DISTRICT-6-June.pdf","https://www.acju.lk/prayer-times/",200,400764,"success","a95201bc260142c6333b42e986722d5f6c653a7ba1a77a1d5b9d3b4b0866b33a","extra/ungrouped file"
"Other","Unknown","03-MULLAITIVU-DISTRICT-EXCEPT-NALLUR-KILINOCHCHI-DISTRICT-VAVUNIYA-DISTRICT-7-July-scaled.jpg","jpg","https://www.acju.lk/wp-content/uploads/2025/07/03-MULLAITIVU-DISTRICT-EXCEPT-NALLUR-KILINOCHCHI-DISTRICT-VAVUNIYA-DISTRICT-7-July-scaled.jpg","https://www.acju.lk/prayer-times/",200,733590,"success","f4a9c283a754636ca1b70d5965cc9fe87fa3800b5fc958eada40fcbc84a712b4","extra/ungrouped file"
"Other","Unknown","03-MULLAITIVU-DISTRICT-EXCEPT-NALLUR-KILINOCHCHI-DISTRICT-VAVUNIYA-DISTRICT-7-July.pdf","pdf","https://www.acju.lk/wp-content/uploads/2025/07/03-MULLAITIVU-DISTRICT-EXCEPT-NALLUR-KILINOCHCHI-DISTRICT-VAVUNIYA-DISTRICT-7-July.pdf","https://www.acju.lk/prayer-times/",200,826044,"success","3615faea1daf979af431c986ec547d9fffb6ba9aa9e67b0da4695c98cbe72a1d","extra/ungrouped file"
"Other","Unknown","03-MULLAITIVU-DISTRICT-EXCEPT-NALLUR-KILINOCHCHI-DISTRICT-VAVUNIYA-DISTRICT-8-Aug-scaled.jpg","jpg","https://www.acju.lk/wp-content/uploads/2025/07/03-MULLAITIVU-DISTRICT-EXCEPT-NALLUR-KILINOCHCHI-DISTRICT-VAVUNIYA-DISTRICT-8-Aug-scaled.jpg","https://www.acju.lk/prayer-times/",200,740244,"success","3755d812dd36c90d7f700d40bbc769b0fe822830badc59e602f7b27573100840","extra/ungrouped file"
"Other","Unknown","03-MULLAITIVU-DISTRICT-EXCEPT-NALLUR-KILINOCHCHI-DISTRICT-VAVUNIYA-DISTRICT-8-Aug.pdf","pdf","https://www.acju.lk/wp-content/uploads/2025/07/03-MULLAITIVU-DISTRICT-EXCEPT-NALLUR-KILINOCHCHI-DISTRICT-VAVUNIYA-DISTRICT-8-Aug.pdf","https://www.acju.lk/prayer-times/",200,826710,"success","752d6955bcb1861e9450ed2b394e7425f5b045dd2bff3ddc6152f657606c9bba","extra/ungrouped file"
"Other","Unknown","03-MULLAITIVU-DISTRICT-EXCEPT-NALLUR-KILINOCHCHI-DISTRICT-VAVUNIYA-DISTRICT-9-Sep-scaled.jpg","jpg","https://www.acju.lk/wp-content/uploads/2025/07/03-MULLAITIVU-DISTRICT-EXCEPT-NALLUR-KILINOCHCHI-DISTRICT-VAVUNIYA-DISTRICT-9-Sep-scaled.jpg","https://www.acju.lk/prayer-times/",200,728899,"success","25060712319f4f982ca40de8864ec9df357479bb17b09fbf1d506bad266d5630","extra/ungrouped file"
"Other","Unknown","03-MULLAITIVU-DISTRICT-EXCEPT-NALLUR-KILINOCHCHI-DISTRICT-VAVUNIYA-DISTRICT-9-Sep.pdf","pdf","https://www.acju.lk/wp-content/uploads/2025/07/03-MULLAITIVU-DISTRICT-EXCEPT-NALLUR-KILINOCHCHI-DISTRICT-VAVUNIYA-DISTRICT-9-Sep.pdf","https://www.acju.lk/prayer-times/",200,826464,"success","845b41fae6b8d4c04b519c1811e91d11e4477d4d1f816e97e63c17d2cb3abca9","extra/ungrouped file"
"Other","Unknown","03-MULLAITIVU-DISTRICT-EXCEPT-NALLUR-KILINOCHCHI-DISTRICT-VAVUNIYA-DISTRICT-10-Oct-scaled.jpg","jpg","https://www.acju.lk/wp-content/uploads/2025/07/03-MULLAITIVU-DISTRICT-EXCEPT-NALLUR-KILINOCHCHI-DISTRICT-VAVUNIYA-DISTRICT-10-Oct-scaled.jpg","https://www.acju.lk/prayer-times/",200,738829,"success","4befb80085a63402e1740bb6f74699628566044437c0f4b44cc1e82be2d63510","extra/ungrouped file"
"Other","Unknown","03-MULLAITIVU-DISTRICT-EXCEPT-NALLUR-KILINOCHCHI-DISTRICT-VAVUNIYA-DISTRICT-10-Oct.pdf","pdf","https://www.acju.lk/wp-content/uploads/2025/07/03-MULLAITIVU-DISTRICT-EXCEPT-NALLUR-KILINOCHCHI-DISTRICT-VAVUNIYA-DISTRICT-10-Oct.pdf","https://www.acju.lk/prayer-times/",200,826578,"success","cbaf61b5a807c2e02bde69eccafe7c46566abea12ed1bfe733509debf32a5466","extra/ungrouped file"
"Other","Unknown","03-MULLAITIVU-DISTRICT-EXCEPT-NALLUR-KILINOCHCHI-DISTRICT-VAVUNIYA-DISTRICT-11-Nov-scaled.jpg","jpg","https://www.acju.lk/wp-content/uploads/2025/07/03-MULLAITIVU-DISTRICT-EXCEPT-NALLUR-KILINOCHCHI-DISTRICT-VAVUNIYA-DISTRICT-11-Nov-scaled.jpg","https://www.acju.lk/prayer-times/",200,728200,"success","da069f5b3b559e795a99ee6f40f14799b52a016f5edbe2c3ad621cd6546793de","extra/ungrouped file"
"Other","Unknown","03-MULLAITIVU-DISTRICT-EXCEPT-NALLUR-KILINOCHCHI-DISTRICT-VAVUNIYA-DISTRICT-11-Nov.pdf","pdf","https://www.acju.lk/wp-content/uploads/2025/07/03-MULLAITIVU-DISTRICT-EXCEPT-NALLUR-KILINOCHCHI-DISTRICT-VAVUNIYA-DISTRICT-11-Nov.pdf","https://www.acju.lk/prayer-times/",200,826282,"success","b6e41ac497ee2ee90352a4080e8c5cfce41954a148b8025bd019f172331a100b","extra/ungrouped file"
"Other","Unknown","03-MULLAITIVU-DISTRICT-EXCEPT-NALLUR-KILINOCHCHI-DISTRICT-VAVUNIYA-DISTRICT-12-Dec-scaled.jpg","jpg","https://www.acju.lk/wp-content/uploads/2025/07/03-MULLAITIVU-DISTRICT-EXCEPT-NALLUR-KILINOCHCHI-DISTRICT-VAVUNIYA-DISTRICT-12-Dec-scaled.jpg","https://www.acju.lk/prayer-times/",200,740685,"success","432f631c33c8abb0d0b798148551dda74d2ec8a0e942de4c18dac1ee4858e7af","extra/ungrouped file"
"Other","Unknown","03-MULLAITIVU-DISTRICT-EXCEPT-NALLUR-KILINOCHCHI-DISTRICT-VAVUNIYA-DISTRICT-12-Dec.pdf","pdf","https://www.acju.lk/wp-content/uploads/2025/07/03-MULLAITIVU-DISTRICT-EXCEPT-NALLUR-KILINOCHCHI-DISTRICT-VAVUNIYA-DISTRICT-12-Dec.pdf","https://www.acju.lk/prayer-times/",200,826843,"success","db68112ee81b7242c390c772a7d54668cbcf7be483ccc48011664452b11b6577","extra/ungrouped file"
"Kandy_Matale_Nuwara_Eliya","Unknown","07-KANDY-DISTRICT-MATALE-DISTRICT-NUWARA-ELIYA-DISTRICT-7-May-scaled.jpg","jpg","https://www.acju.lk/wp-content/uploads/2025/07/07-KANDY-DISTRICT-MATALE-DISTRICT-NUWARA-ELIYA-DISTRICT-7-May-scaled.jpg","https://www.acju.lk/prayer-times/",200,659640,"success","39e15d14208bd2faa4dc97bd6225c79f8b86d7955a335351ce62e02833510cc3","extra/ungrouped file"
"Other","Unknown","Z10_MAy.jpeg","jpeg","https://www.acju.lk/wp-content/uploads/2026/05/Z10_MAy.jpeg","https://www.acju.lk/prayer-times/",200,411965,"success","4a70b4cc45104cd749bf50cc6ec11647403110454674a38282b6c6cd536e6f63","extra/ungrouped file"
"Other","Unknown","May_010.pdf","pdf","https://www.acju.lk/wp-content/uploads/2026/05/May_010.pdf","https://www.acju.lk/prayer-times/",200,826258,"success","349e85e8329e866a6728b413fa0003c7ac1440a188d1b1924dabe7d5a36eeaf1","extra/ungrouped file"